track.name,danceability,energy,key,loudness,mode,speechiness,acousticness,instrumentalness,liveness,valence,tempo,type,id,uri,track_href,analysis_url,duration_ms,time_signature
A Cure For Minds Unwell,0.749,0.502,2,-3.95,1,0.0277,0.29,0,0.0704,0.452,111.916,audio_features,4PwTyisf9W7zfhAAflOKag,spotify:track:4PwTyisf9W7zfhAAflOKag,https://api.spotify.com/v1/tracks/4PwTyisf9W7zfhAAflOKag,https://api.spotify.com/v1/audio-analysis/4PwTyisf9W7zfhAAflOKag,204431,4
Grab The Mince Pies,0.395,0.977,2,-2.981,1,0.0839,1.36e-4,6.07e-6,0.167,0.483,199.781,audio_features,5MiyHKiCvRe37TenE49fNp,spotify:track:5MiyHKiCvRe37TenE49fNp,https://api.spotify.com/v1/tracks/5MiyHKiCvRe37TenE49fNp,https://api.spotify.com/v1/audio-analysis/5MiyHKiCvRe37TenE49fNp,177131,4
Song of the Mamuna Tribe of South Papua,0.394,0.171,4,-9.408,1,0.0367,0.912,0,0.226,0.214,67.744,audio_features,0RAWlVA77GwYNt4CemPKuS,spotify:track:0RAWlVA77GwYNt4CemPKuS,https://api.spotify.com/v1/tracks/0RAWlVA77GwYNt4CemPKuS,https://api.spotify.com/v1/audio-analysis/0RAWlVA77GwYNt4CemPKuS,32833,3
Coal,0.522,0.223,1,-9.561,0,0.0345,0.753,0,0.165,0.439,97.045,audio_features,4dtIxANFBU6CfhI9c2hf2g,spotify:track:4dtIxANFBU6CfhI9c2hf2g,https://api.spotify.com/v1/tracks/4dtIxANFBU6CfhI9c2hf2g,https://api.spotify.com/v1/audio-analysis/4dtIxANFBU6CfhI9c2hf2g,194440,4
Lungomare,0.586,0.337,9,-13.363,0,0.0376,0.578,0.814,0.16,0.705,176.03,audio_features,2g3bJEBzmrb8S3bEWKBHzp,spotify:track:2g3bJEBzmrb8S3bEWKBHzp,https://api.spotify.com/v1/tracks/2g3bJEBzmrb8S3bEWKBHzp,https://api.spotify.com/v1/audio-analysis/2g3bJEBzmrb8S3bEWKBHzp,138933,4
From The Start,0.664,0.405,1,-7.413,1,0.08,0.877,7.65e-4,0.11,0.743,81.89,audio_features,1Ukxccao1BlWrPhYkcXbwZ,spotify:track:1Ukxccao1BlWrPhYkcXbwZ,https://api.spotify.com/v1/tracks/1Ukxccao1BlWrPhYkcXbwZ,https://api.spotify.com/v1/audio-analysis/1Ukxccao1BlWrPhYkcXbwZ,169573,3
Lenny,0.513,0.171,8,-17.904,1,0.0422,0.775,0.458,0.139,0.321,118.461,audio_features,0h4jHdNzUrV9eGR2PT5R8c,spotify:track:0h4jHdNzUrV9eGR2PT5R8c,https://api.spotify.com/v1/tracks/0h4jHdNzUrV9eGR2PT5R8c,https://api.spotify.com/v1/audio-analysis/0h4jHdNzUrV9eGR2PT5R8c,297373,4
Misirlou,0.293,0.932,4,-6.839,1,0.051,0.0136,0.906,0.289,0.657,173.262,audio_features,3OnCnEWgy79xR5pr2kv4TX,spotify:track:3OnCnEWgy79xR5pr2kv4TX,https://api.spotify.com/v1/tracks/3OnCnEWgy79xR5pr2kv4TX,https://api.spotify.com/v1/audio-analysis/3OnCnEWgy79xR5pr2kv4TX,135973,4
Let The Sunshine In (Reprise) - Remastered 2000,0.455,0.783,11,-6.297,0,0.0444,0.0507,0.00163,0.154,0.648,118.446,audio_features,2r5seNRSheLITyH4cevy2O,spotify:track:2r5seNRSheLITyH4cevy2O,https://api.spotify.com/v1/tracks/2r5seNRSheLITyH4cevy2O,https://api.spotify.com/v1/audio-analysis/2r5seNRSheLITyH4cevy2O,87800,4
Seven Years,0.584,0.185,7,-13.986,1,0.035,0.959,0.0072,0.105,0.376,127.151,audio_features,39kuVkJjfRjXqUpAtkDItK,spotify:track:39kuVkJjfRjXqUpAtkDItK,https://api.spotify.com/v1/tracks/39kuVkJjfRjXqUpAtkDItK,https://api.spotify.com/v1/audio-analysis/39kuVkJjfRjXqUpAtkDItK,145267,4
Forest Friends,0.46,0.135,6,-16.609,1,0.0325,0.984,0.935,0.0918,0.0564,107.704,audio_features,1nQPMlAgZLSA3nxzIm15SS,spotify:track:1nQPMlAgZLSA3nxzIm15SS,https://api.spotify.com/v1/tracks/1nQPMlAgZLSA3nxzIm15SS,https://api.spotify.com/v1/audio-analysis/1nQPMlAgZLSA3nxzIm15SS,189928,1
Victoria's Secret,0.586,0.556,6,-7.639,1,0.0592,0.00655,0,0.0836,0.517,167.018,audio_features,4svaKoxMMP7ImmKrD5hfQu,spotify:track:4svaKoxMMP7ImmKrD5hfQu,https://api.spotify.com/v1/tracks/4svaKoxMMP7ImmKrD5hfQu,https://api.spotify.com/v1/audio-analysis/4svaKoxMMP7ImmKrD5hfQu,176125,4
How Deep Is Your Love,0.796,0.459,8,-7.716,0,0.0443,0.705,1.15e-5,0.0605,0.767,88,audio_features,0loJyuSFr6vVPBQSmLLrrQ,spotify:track:0loJyuSFr6vVPBQSmLLrrQ,https://api.spotify.com/v1/tracks/0loJyuSFr6vVPBQSmLLrrQ,https://api.spotify.com/v1/audio-analysis/0loJyuSFr6vVPBQSmLLrrQ,197082,4
Nonsense,0.74,0.697,8,-4.912,1,0.034,0.0268,0,0.224,0.732,138.992,audio_features,6dgUya35uo964z7GZXM07g,spotify:track:6dgUya35uo964z7GZXM07g,https://api.spotify.com/v1/tracks/6dgUya35uo964z7GZXM07g,https://api.spotify.com/v1/audio-analysis/6dgUya35uo964z7GZXM07g,163648,4
Anti-Hero,0.637,0.643,4,-6.571,1,0.0519,0.13,1.8e-6,0.142,0.533,97.008,audio_features,0V3wPSX9ygBnCm8psDIegu,spotify:track:0V3wPSX9ygBnCm8psDIegu,https://api.spotify.com/v1/tracks/0V3wPSX9ygBnCm8psDIegu,https://api.spotify.com/v1/audio-analysis/0V3wPSX9ygBnCm8psDIegu,200690,4
Penny Lane,0.633,0.385,9,-9.967,1,0.0358,0.411,8.72e-5,0.095,0.647,113.956,audio_features,1sjmKmR4u9xDeJHjDCn2bZ,spotify:track:1sjmKmR4u9xDeJHjDCn2bZ,https://api.spotify.com/v1/tracks/1sjmKmR4u9xDeJHjDCn2bZ,https://api.spotify.com/v1/audio-analysis/1sjmKmR4u9xDeJHjDCn2bZ,182053,4
Late Night Talking,0.714,0.728,10,-4.595,1,0.0468,0.298,0,0.106,0.901,114.996,audio_features,1qEmFfgcLObUfQm0j1W2CK,spotify:track:1qEmFfgcLObUfQm0j1W2CK,https://api.spotify.com/v1/tracks/1qEmFfgcLObUfQm0j1W2CK,https://api.spotify.com/v1/audio-analysis/1qEmFfgcLObUfQm0j1W2CK,177955,4
爛泥,0.708,0.734,11,-8.619,0,0.0951,0.0401,3.27e-4,0.124,0.425,114.952,audio_features,7DbVKoQHjJfqw0j8Aia0Bj,spotify:track:7DbVKoQHjJfqw0j8Aia0Bj,https://api.spotify.com/v1/tracks/7DbVKoQHjJfqw0j8Aia0Bj,https://api.spotify.com/v1/audio-analysis/7DbVKoQHjJfqw0j8Aia0Bj,149507,4
I'm Gettin Nuttin for Christmas,0.689,0.181,2,-8.201,1,0.0516,0.594,0,0.275,0.879,146.89,audio_features,1Aw7qXuLCpQDmcSZ456o2g,spotify:track:1Aw7qXuLCpQDmcSZ456o2g,https://api.spotify.com/v1/tracks/1Aw7qXuLCpQDmcSZ456o2g,https://api.spotify.com/v1/audio-analysis/1Aw7qXuLCpQDmcSZ456o2g,153053,4
Have Yourself a Merry Little Christmas,0.402,0.101,7,-14.175,1,0.042,0.938,1.46e-6,0.0738,0.0601,120.398,audio_features,1NCYsPfKq6tKYGk598SwSa,spotify:track:1NCYsPfKq6tKYGk598SwSa,https://api.spotify.com/v1/tracks/1NCYsPfKq6tKYGk598SwSa,https://api.spotify.com/v1/audio-analysis/1NCYsPfKq6tKYGk598SwSa,166640,4
きらり,0.746,0.764,2,-6.833,1,0.0462,0.00803,0,0.357,0.701,116.982,audio_features,51oc6MEsXTpnPn6GOw5VuP,spotify:track:51oc6MEsXTpnPn6GOw5VuP,https://api.spotify.com/v1/tracks/51oc6MEsXTpnPn6GOw5VuP,https://api.spotify.com/v1/audio-analysis/51oc6MEsXTpnPn6GOw5VuP,231883,4
Cheek To Cheek,0.663,0.264,0,-14.571,1,0.0914,0.706,0,0.1,0.657,122.482,audio_features,33jt3kYWjQzqn3xyYQ5ZEh,spotify:track:33jt3kYWjQzqn3xyYQ5ZEh,https://api.spotify.com/v1/tracks/33jt3kYWjQzqn3xyYQ5ZEh,https://api.spotify.com/v1/audio-analysis/33jt3kYWjQzqn3xyYQ5ZEh,354533,4
"Suite No. 3, P. 172: III. Siciliana: Andantino",0.148,0.0376,0,-23.411,0,0.0422,0.905,0.872,0.0509,0.128,92.72,audio_features,103Xp5zfEXrWJLrt0pJMvH,spotify:track:103Xp5zfEXrWJLrt0pJMvH,https://api.spotify.com/v1/tracks/103Xp5zfEXrWJLrt0pJMvH,https://api.spotify.com/v1/audio-analysis/103Xp5zfEXrWJLrt0pJMvH,238893,4
閃光少女,0.366,0.775,11,-4.495,1,0.0549,3.49e-4,2.56e-4,0.123,0.414,167.91,audio_features,6bsQqsm2EAztXE6kk6hR2s,spotify:track:6bsQqsm2EAztXE6kk6hR2s,https://api.spotify.com/v1/tracks/6bsQqsm2EAztXE6kk6hR2s,https://api.spotify.com/v1/audio-analysis/6bsQqsm2EAztXE6kk6hR2s,177267,4
Mhórag's na horo Gheallaidh,0.481,0.143,5,-19.293,1,0.0418,0.915,0,0.0947,0.473,94.927,audio_features,4H3ro6fNsPNvMhAgpf8n7n,spotify:track:4H3ro6fNsPNvMhAgpf8n7n,https://api.spotify.com/v1/tracks/4H3ro6fNsPNvMhAgpf8n7n,https://api.spotify.com/v1/audio-analysis/4H3ro6fNsPNvMhAgpf8n7n,103533,4
Operator (That's Not the Way It Feels),0.687,0.453,7,-11.649,1,0.0335,0.765,8.49e-6,0.0897,0.83,129.987,audio_features,3NJzkMApQqAudLSgYb5Bz2,spotify:track:3NJzkMApQqAudLSgYb5Bz2,https://api.spotify.com/v1/tracks/3NJzkMApQqAudLSgYb5Bz2,https://api.spotify.com/v1/audio-analysis/3NJzkMApQqAudLSgYb5Bz2,230213,4
hover like a GODDESS,0.468,0.795,1,-10.07,0,0.0758,0.0152,0,0.319,0.639,169.922,audio_features,4kOy6D76FIns6idfss12dq,spotify:track:4kOy6D76FIns6idfss12dq,https://api.spotify.com/v1/tracks/4kOy6D76FIns6idfss12dq,https://api.spotify.com/v1/audio-analysis/4kOy6D76FIns6idfss12dq,143358,4
Panama - 2015 Remaster,0.526,0.978,8,-5.436,1,0.108,0.00122,4.75e-5,0.0744,0.451,141.167,audio_features,05RgAMGypEvqhNs5hPCbMS,spotify:track:05RgAMGypEvqhNs5hPCbMS,https://api.spotify.com/v1/tracks/05RgAMGypEvqhNs5hPCbMS,https://api.spotify.com/v1/audio-analysis/05RgAMGypEvqhNs5hPCbMS,210227,4
Jump - 2015 Remaster,0.572,0.835,0,-6.219,1,0.0317,0.171,3.77e-4,0.0702,0.795,129.981,audio_features,7N3PAbqfTjSEU1edb2tY8j,spotify:track:7N3PAbqfTjSEU1edb2tY8j,https://api.spotify.com/v1/tracks/7N3PAbqfTjSEU1edb2tY8j,https://api.spotify.com/v1/audio-analysis/7N3PAbqfTjSEU1edb2tY8j,241600,4
"Take Me Home, Country Roads - Rerecorded",0.255,0.43,9,-12.564,1,0.0322,0.546,1.87e-5,0.188,0.546,164.267,audio_features,2xYlyywNgefLCRDG8hlxZq,spotify:track:2xYlyywNgefLCRDG8hlxZq,https://api.spotify.com/v1/tracks/2xYlyywNgefLCRDG8hlxZq,https://api.spotify.com/v1/audio-analysis/2xYlyywNgefLCRDG8hlxZq,197813,4
Call Me,0.573,0.786,7,-4.354,1,0.0352,0.0634,0.212,0.117,0.612,110.289,audio_features,5Z0MrFDEIDB075We9w9276,spotify:track:5Z0MrFDEIDB075We9w9276,https://api.spotify.com/v1/tracks/5Z0MrFDEIDB075We9w9276,https://api.spotify.com/v1/audio-analysis/5Z0MrFDEIDB075We9w9276,171267,4
Don't Know Why,0.732,0.198,5,-11.775,1,0.028,0.883,1.1e-5,0.0659,0.618,88.174,audio_features,6ybViy2qrO9sIi41EgRJgx,spotify:track:6ybViy2qrO9sIi41EgRJgx,https://api.spotify.com/v1/tracks/6ybViy2qrO9sIi41EgRJgx,https://api.spotify.com/v1/audio-analysis/6ybViy2qrO9sIi41EgRJgx,186147,4
BBIBBI,0.839,0.617,7,-4.692,1,0.331,0.241,0,0.3,0.821,143.894,audio_features,4as4XEOR03oGm1STUKl6pa,spotify:track:4as4XEOR03oGm1STUKl6pa,https://api.spotify.com/v1/tracks/4as4XEOR03oGm1STUKl6pa,https://api.spotify.com/v1/audio-analysis/4as4XEOR03oGm1STUKl6pa,194426,4
Chicken Fried,0.566,0.713,6,-4.25,1,0.0418,0.645,0,0.114,0.805,169.861,audio_features,3eBnEo9WL34ulBCZlLpUQO,spotify:track:3eBnEo9WL34ulBCZlLpUQO,https://api.spotify.com/v1/tracks/3eBnEo9WL34ulBCZlLpUQO,https://api.spotify.com/v1/audio-analysis/3eBnEo9WL34ulBCZlLpUQO,238147,4
What I Like About You,0.542,0.915,9,-9.637,1,0.0549,0.319,5.34e-5,0.171,0.92,159.81,audio_features,6NdcSEhpGGAYXNnnhGS2s6,spotify:track:6NdcSEhpGGAYXNnnhGS2s6,https://api.spotify.com/v1/tracks/6NdcSEhpGGAYXNnnhGS2s6,https://api.spotify.com/v1/audio-analysis/6NdcSEhpGGAYXNnnhGS2s6,175400,4
Twist And Shout - Remastered 2009,0.482,0.849,2,-9.198,1,0.0452,0.641,7.74e-6,0.0414,0.937,124.631,audio_features,5ZBeML7Lf3FMEVviTyvi8l,spotify:track:5ZBeML7Lf3FMEVviTyvi8l,https://api.spotify.com/v1/tracks/5ZBeML7Lf3FMEVviTyvi8l,https://api.spotify.com/v1/audio-analysis/5ZBeML7Lf3FMEVviTyvi8l,155227,4
If I Ain't Got You,0.609,0.444,7,-9.129,1,0.106,0.603,6.86e-6,0.104,0.166,118.402,audio_features,3XVBdLihbNbxUwZosxcGuJ,spotify:track:3XVBdLihbNbxUwZosxcGuJ,https://api.spotify.com/v1/tracks/3XVBdLihbNbxUwZosxcGuJ,https://api.spotify.com/v1/audio-analysis/3XVBdLihbNbxUwZosxcGuJ,228707,3
The Sun,0.532,0.73,7,-5.671,1,0.0414,0.0464,0,0.0323,0.558,79.989,audio_features,16tn9LlieVLhbCmL2x2TRe,spotify:track:16tn9LlieVLhbCmL2x2TRe,https://api.spotify.com/v1/tracks/16tn9LlieVLhbCmL2x2TRe,https://api.spotify.com/v1/audio-analysis/16tn9LlieVLhbCmL2x2TRe,251693,4
This Love,0.712,0.862,5,-4.612,0,0.0378,0.0525,0,0.093,0.809,95.051,audio_features,6ECp64rv50XVz93WvxXMGF,spotify:track:6ECp64rv50XVz93WvxXMGF,https://api.spotify.com/v1/tracks/6ECp64rv50XVz93WvxXMGF,https://api.spotify.com/v1/audio-analysis/6ECp64rv50XVz93WvxXMGF,206200,4
Tangled,0.63,0.798,9,-5.075,0,0.0559,0.0348,0,0.0557,0.788,145.977,audio_features,4c0Arzex2NVpiCePeB5rf5,spotify:track:4c0Arzex2NVpiCePeB5rf5,https://api.spotify.com/v1/tracks/4c0Arzex2NVpiCePeB5rf5,https://api.spotify.com/v1/audio-analysis/4c0Arzex2NVpiCePeB5rf5,198200,4
Come Away With Me,0.363,0.129,0,-14.304,1,0.0322,0.904,1.52e-6,0.157,0.147,80.367,audio_features,0Cvjlph1WGbwZY1PlMEtJY,spotify:track:0Cvjlph1WGbwZY1PlMEtJY,https://api.spotify.com/v1/tracks/0Cvjlph1WGbwZY1PlMEtJY,https://api.spotify.com/v1/audio-analysis/0Cvjlph1WGbwZY1PlMEtJY,198147,3
Mr. Brightside,0.356,0.924,1,-3.74,1,0.0808,0.00101,0,0.0953,0.232,148.017,audio_features,7oK9VyNzrYvRFo7nQEYkWN,spotify:track:7oK9VyNzrYvRFo7nQEYkWN,https://api.spotify.com/v1/tracks/7oK9VyNzrYvRFo7nQEYkWN,https://api.spotify.com/v1/audio-analysis/7oK9VyNzrYvRFo7nQEYkWN,222587,4
You're Welcome,0.788,0.745,5,-7.072,1,0.258,0.29,0,0.0373,0.672,135.278,audio_features,6U4VqEHy4n5VeiH4pQPL24,spotify:track:6U4VqEHy4n5VeiH4pQPL24,https://api.spotify.com/v1/tracks/6U4VqEHy4n5VeiH4pQPL24,https://api.spotify.com/v1/audio-analysis/6U4VqEHy4n5VeiH4pQPL24,163893,4
Evermore,0.285,0.396,1,-8.741,1,0.0318,0.674,6.6e-5,0.102,0.219,79.442,audio_features,3Yn97I3qIj7Px0Bi4rkD2q,spotify:track:3Yn97I3qIj7Px0Bi4rkD2q,https://api.spotify.com/v1/tracks/3Yn97I3qIj7Px0Bi4rkD2q,https://api.spotify.com/v1/audio-analysis/3Yn97I3qIj7Px0Bi4rkD2q,194542,3
everything i wanted,0.704,0.225,6,-14.454,0,0.0994,0.902,0.657,0.106,0.243,120.006,audio_features,3ZCTVFBt2Brf31RLEnCkWJ,spotify:track:3ZCTVFBt2Brf31RLEnCkWJ,https://api.spotify.com/v1/tracks/3ZCTVFBt2Brf31RLEnCkWJ,https://api.spotify.com/v1/audio-analysis/3ZCTVFBt2Brf31RLEnCkWJ,245426,4
No Time To Die,0.38,0.219,4,-13.273,0,0.0358,0.917,0.0104,0.0827,0.0517,73.537,audio_features,73SpzrcaHk0RQPFP73vqVR,spotify:track:73SpzrcaHk0RQPFP73vqVR,https://api.spotify.com/v1/tracks/73SpzrcaHk0RQPFP73vqVR,https://api.spotify.com/v1/audio-analysis/73SpzrcaHk0RQPFP73vqVR,242265,4
Attention,0.775,0.613,3,-4.586,0,0.0542,0.109,2.33e-5,0.134,0.797,100.066,audio_features,5cF0dROlMOK5uNZtivgu50,spotify:track:5cF0dROlMOK5uNZtivgu50,https://api.spotify.com/v1/tracks/5cF0dROlMOK5uNZtivgu50,https://api.spotify.com/v1/audio-analysis/5cF0dROlMOK5uNZtivgu50,208787,4
Bromance,0.677,0.725,0,-5.94,0,0.0859,0.0942,0,0.318,0.66,154.926,audio_features,6VpFSzFEVGy2VEvQTQJYod,spotify:track:6VpFSzFEVGy2VEvQTQJYod,https://api.spotify.com/v1/tracks/6VpFSzFEVGy2VEvQTQJYod,https://api.spotify.com/v1/audio-analysis/6VpFSzFEVGy2VEvQTQJYod,167981,4
Rich Girl,0.679,0.592,6,-6.915,0,0.179,0.172,3.07e-5,0.164,0.595,85.851,audio_features,4ehS4c6As9l5slahfk0S8F,spotify:track:4ehS4c6As9l5slahfk0S8F,https://api.spotify.com/v1/tracks/4ehS4c6As9l5slahfk0S8F,https://api.spotify.com/v1/audio-analysis/4ehS4c6As9l5slahfk0S8F,217920,4
"You, Dear",0.713,0.475,11,-7.782,1,0.315,0.763,0,0.395,0.418,71.021,audio_features,318GlwGP0P1jr3FrSiQWZq,spotify:track:318GlwGP0P1jr3FrSiQWZq,https://api.spotify.com/v1/tracks/318GlwGP0P1jr3FrSiQWZq,https://api.spotify.com/v1/audio-analysis/318GlwGP0P1jr3FrSiQWZq,187125,4
"1 step forward, 3 steps back",0.473,0.203,2,-12.627,1,0.102,0.941,0,0.126,0.419,168.884,audio_features,4wcBRRpIfesgcyUtis7PEg,spotify:track:4wcBRRpIfesgcyUtis7PEg,https://api.spotify.com/v1/tracks/4wcBRRpIfesgcyUtis7PEg,https://api.spotify.com/v1/audio-analysis/4wcBRRpIfesgcyUtis7PEg,163587,4
brutal,0.672,0.526,4,-6.446,1,0.0599,0.0311,1.37e-6,0.28,0.28,123.999,audio_features,6SRsiMl7w1USE4mFqrOhHC,spotify:track:6SRsiMl7w1USE4mFqrOhHC,https://api.spotify.com/v1/tracks/6SRsiMl7w1USE4mFqrOhHC,https://api.spotify.com/v1/audio-analysis/6SRsiMl7w1USE4mFqrOhHC,143747,4
Closer to Fine,0.54,0.677,9,-6.349,1,0.0286,0.368,0,0.224,0.748,98.339,audio_features,7rKyITVLEwldhdXIy7P6Vw,spotify:track:7rKyITVLEwldhdXIy7P6Vw,https://api.spotify.com/v1/tracks/7rKyITVLEwldhdXIy7P6Vw,https://api.spotify.com/v1/audio-analysis/7rKyITVLEwldhdXIy7P6Vw,241600,4
Tried To Be True,0.636,0.801,7,-5.248,1,0.0265,0.101,1.06e-6,0.195,0.908,124.999,audio_features,2WRWTAmz3wRT0oCkY87e4d,spotify:track:2WRWTAmz3wRT0oCkY87e4d,https://api.spotify.com/v1/tracks/2WRWTAmz3wRT0oCkY87e4d,https://api.spotify.com/v1/audio-analysis/2WRWTAmz3wRT0oCkY87e4d,178973,4
Anime & Chardonnay,0.798,0.797,5,-7.015,0,0.111,0.488,0,0.417,0.837,135.015,audio_features,5WrCvu4ja1eeyuZcOqdWTH,spotify:track:5WrCvu4ja1eeyuZcOqdWTH,https://api.spotify.com/v1/tracks/5WrCvu4ja1eeyuZcOqdWTH,https://api.spotify.com/v1/audio-analysis/5WrCvu4ja1eeyuZcOqdWTH,133333,4
Trash Stains,0.522,0.822,8,-5.051,1,0.0352,6.72e-4,0,0.229,0.691,140.988,audio_features,13JYCuiRw2DwUYK4DwtVPw,spotify:track:13JYCuiRw2DwUYK4DwtVPw,https://api.spotify.com/v1/tracks/13JYCuiRw2DwUYK4DwtVPw,https://api.spotify.com/v1/audio-analysis/13JYCuiRw2DwUYK4DwtVPw,239425,4
Bonfire,0.565,0.74,8,-6.351,1,0.305,0.0668,0,0.177,0.265,108.357,audio_features,4oVLMiFUDHVcDaNE187dLS,spotify:track:4oVLMiFUDHVcDaNE187dLS,https://api.spotify.com/v1/tracks/4oVLMiFUDHVcDaNE187dLS,https://api.spotify.com/v1/audio-analysis/4oVLMiFUDHVcDaNE187dLS,194747,5
Kiss Me More (feat. SZA),0.762,0.701,8,-3.541,1,0.0286,0.235,1.58e-4,0.123,0.742,110.968,audio_features,748mdHapucXQri7IAO8yFK,spotify:track:748mdHapucXQri7IAO8yFK,https://api.spotify.com/v1/tracks/748mdHapucXQri7IAO8yFK,https://api.spotify.com/v1/audio-analysis/748mdHapucXQri7IAO8yFK,208867,4
POLTERGEIST!,0.766,0.658,1,-7.014,1,0.26,0.00192,0,0.0919,0.476,133.085,audio_features,041sluNZwBxTCOuu766eNi,spotify:track:041sluNZwBxTCOuu766eNi,https://api.spotify.com/v1/tracks/041sluNZwBxTCOuu766eNi,https://api.spotify.com/v1/audio-analysis/041sluNZwBxTCOuu766eNi,101053,4
agoraphobic,0.815,0.697,7,-9.57,1,0.219,0.778,3.98e-4,0.102,0.147,97.987,audio_features,6ATqL4f1nFWwASrWi8nF6e,spotify:track:6ATqL4f1nFWwASrWi8nF6e,https://api.spotify.com/v1/tracks/6ATqL4f1nFWwASrWi8nF6e,https://api.spotify.com/v1/audio-analysis/6ATqL4f1nFWwASrWi8nF6e,129796,4
DAYWALKER! (feat. CORPSE),0.632,0.922,7,-2.173,1,0.0794,0.00558,1.81e-5,0.0927,0.497,88.972,audio_features,2NnJpRXIlx35Vij3bPZO0h,spotify:track:2NnJpRXIlx35Vij3bPZO0h,https://api.spotify.com/v1/tracks/2NnJpRXIlx35Vij3bPZO0h,https://api.spotify.com/v1/audio-analysis/2NnJpRXIlx35Vij3bPZO0h,137747,4
Breathe (In the Air),0.431,0.373,11,-15.142,0,0.0346,0.389,0.728,0.143,0.253,128.153,audio_features,2ctvdKmETyOzPb2GiJJT53,spotify:track:2ctvdKmETyOzPb2GiJJT53,https://api.spotify.com/v1/tracks/2ctvdKmETyOzPb2GiJJT53,https://api.spotify.com/v1/audio-analysis/2ctvdKmETyOzPb2GiJJT53,169535,4
Too Much Food,0.626,0.926,2,-4.441,1,0.0477,0.0265,0,0.159,0.548,99.997,audio_features,6e6Ut2zlAbzWGu7ALEXjoi,spotify:track:6e6Ut2zlAbzWGu7ALEXjoi,https://api.spotify.com/v1/tracks/6e6Ut2zlAbzWGu7ALEXjoi,https://api.spotify.com/v1/audio-analysis/6e6Ut2zlAbzWGu7ALEXjoi,221425,4
Curbside Prophet,0.619,0.793,5,-5.964,1,0.0661,0.263,0,0.0828,0.892,177.991,audio_features,3FKp7QAJoLHPsywOp6UvMH,spotify:track:3FKp7QAJoLHPsywOp6UvMH,https://api.spotify.com/v1/tracks/3FKp7QAJoLHPsywOp6UvMH,https://api.spotify.com/v1/audio-analysis/3FKp7QAJoLHPsywOp6UvMH,214552,4
Who Needs Shelter,0.514,0.569,6,-7.866,0,0.03,0.601,2.21e-6,0.218,0.264,142.597,audio_features,5ao7iGf2HhRta6E7xFAQxW,spotify:track:5ao7iGf2HhRta6E7xFAQxW,https://api.spotify.com/v1/tracks/5ao7iGf2HhRta6E7xFAQxW,https://api.spotify.com/v1/audio-analysis/5ao7iGf2HhRta6E7xFAQxW,192261,4
The Remedy (I Won't Worry),0.589,0.867,10,-4.523,1,0.0385,0.041,0,0.306,0.795,94.52,audio_features,4tK4ARuilOrBzwVQK73E0Y,spotify:track:4tK4ARuilOrBzwVQK73E0Y,https://api.spotify.com/v1/tracks/4tK4ARuilOrBzwVQK73E0Y,https://api.spotify.com/v1/audio-analysis/4tK4ARuilOrBzwVQK73E0Y,256441,4
You and I Both,0.615,0.812,7,-6.573,1,0.0458,0.184,0,0.328,0.74,98.954,audio_features,2mKjs6s0Z1imKKb6gOk628,spotify:track:2mKjs6s0Z1imKKb6gOk628,https://api.spotify.com/v1/tracks/2mKjs6s0Z1imKKb6gOk628,https://api.spotify.com/v1/audio-analysis/2mKjs6s0Z1imKKb6gOk628,218240,4
Did You Get My Message?,0.531,0.75,1,-4.985,1,0.0466,0.434,0,0.0924,0.652,170.366,audio_features,4OI0mQIFAvlHFm2PPSOG0R,spotify:track:4OI0mQIFAvlHFm2PPSOG0R,https://api.spotify.com/v1/tracks/4OI0mQIFAvlHFm2PPSOG0R,https://api.spotify.com/v1/audio-analysis/4OI0mQIFAvlHFm2PPSOG0R,240507,4
Wordplay,0.464,0.877,7,-3.793,1,0.0499,0.192,0,0.1,0.512,176.662,audio_features,3qBaCCsAJGkSJc8XBui6Mp,spotify:track:3qBaCCsAJGkSJc8XBui6Mp,https://api.spotify.com/v1/tracks/3qBaCCsAJGkSJc8XBui6Mp,https://api.spotify.com/v1/audio-analysis/3qBaCCsAJGkSJc8XBui6Mp,186507,4
Life Is Wonderful,0.611,0.409,8,-9.286,0,0.0318,0.156,0,0.0496,0.394,97.944,audio_features,4MW6iAySicumcMCbScZPCG,spotify:track:4MW6iAySicumcMCbScZPCG,https://api.spotify.com/v1/tracks/4MW6iAySicumcMCbScZPCG,https://api.spotify.com/v1/audio-analysis/4MW6iAySicumcMCbScZPCG,260467,4
Geek in the Pink,0.665,0.749,10,-4.43,0,0.0776,0.374,0,0.0375,0.897,91.822,audio_features,2MMRWb4gn8mwpK5RLlPtl5,spotify:track:2MMRWb4gn8mwpK5RLlPtl5,https://api.spotify.com/v1/tracks/2MMRWb4gn8mwpK5RLlPtl5,https://api.spotify.com/v1/audio-analysis/2MMRWb4gn8mwpK5RLlPtl5,235507,4
As It Was,0.52,0.731,6,-5.338,0,0.0557,0.342,0.00101,0.311,0.662,173.93,audio_features,4LRPiXqCikLlN15c3yImP7,spotify:track:4LRPiXqCikLlN15c3yImP7,https://api.spotify.com/v1/tracks/4LRPiXqCikLlN15c3yImP7,https://api.spotify.com/v1/audio-analysis/4LRPiXqCikLlN15c3yImP7,167303,4
"Take Me Home, Country Roads",0.456,0.383,9,-9.516,1,0.0263,0.715,0,0.127,0.67,82.026,audio_features,13HaPtzk6OEREfoWcGY8xu,spotify:track:13HaPtzk6OEREfoWcGY8xu,https://api.spotify.com/v1/tracks/13HaPtzk6OEREfoWcGY8xu,https://api.spotify.com/v1/audio-analysis/13HaPtzk6OEREfoWcGY8xu,190040,4
Are You Gonna Be My Girl,0.613,0.953,2,-3.435,1,0.0855,0.00148,5.82e-4,0.152,0.537,105.046,audio_features,305WCRhhS10XUcH6AEwZk6,spotify:track:305WCRhhS10XUcH6AEwZk6,https://api.spotify.com/v1/tracks/305WCRhhS10XUcH6AEwZk6,https://api.spotify.com/v1/audio-analysis/305WCRhhS10XUcH6AEwZk6,213800,4
Squid Game,0.764,0.541,1,-7.456,1,0.331,0.462,0.625,0.695,0.576,140.001,audio_features,22GzxJr1V2z0SFff9AcsKW,spotify:track:22GzxJr1V2z0SFff9AcsKW,https://api.spotify.com/v1/tracks/22GzxJr1V2z0SFff9AcsKW,https://api.spotify.com/v1/audio-analysis/22GzxJr1V2z0SFff9AcsKW,81000,4
THATS WHAT I WANT,0.737,0.846,1,-4.51,0,0.22,0.00614,0,0.0486,0.546,87.981,audio_features,0e8nrvls4Qqv5Rfa2UhqmO,spotify:track:0e8nrvls4Qqv5Rfa2UhqmO,https://api.spotify.com/v1/tracks/0e8nrvls4Qqv5Rfa2UhqmO,https://api.spotify.com/v1/audio-analysis/0e8nrvls4Qqv5Rfa2UhqmO,143901,4
Life is a Highway,0.562,0.934,5,-5.562,1,0.0607,0.00211,0,0.199,0.558,103.042,audio_features,5gB2IrxOCX2j9bMnHKP38i,spotify:track:5gB2IrxOCX2j9bMnHKP38i,https://api.spotify.com/v1/tracks/5gB2IrxOCX2j9bMnHKP38i,https://api.spotify.com/v1/audio-analysis/5gB2IrxOCX2j9bMnHKP38i,275640,4
Chikatto Chika Chika​,0.499,0.892,7,-4.099,1,0.241,0.198,7.57e-6,0.27,0.43,86.403,audio_features,4hMoBXA6x8UlePEEauMU12,spotify:track:4hMoBXA6x8UlePEEauMU12,https://api.spotify.com/v1/tracks/4hMoBXA6x8UlePEEauMU12,https://api.spotify.com/v1/audio-analysis/4hMoBXA6x8UlePEEauMU12,179582,4
Harumachi Clover,0.684,0.657,2,-5.691,1,0.116,0.801,0,0.074,0.984,170.614,audio_features,24CYIJMuIwaDaRzlPoxqKK,spotify:track:24CYIJMuIwaDaRzlPoxqKK,https://api.spotify.com/v1/tracks/24CYIJMuIwaDaRzlPoxqKK,https://api.spotify.com/v1/audio-analysis/24CYIJMuIwaDaRzlPoxqKK,36882,4
My Funny Valentine,0.188,0.192,7,-14.204,0,0.0339,0.942,9.53e-6,0.166,0.145,86.169,audio_features,0uqoRVmmU2WM9iDgQBf23R,spotify:track:0uqoRVmmU2WM9iDgQBf23R,https://api.spotify.com/v1/tracks/0uqoRVmmU2WM9iDgQBf23R,https://api.spotify.com/v1/audio-analysis/0uqoRVmmU2WM9iDgQBf23R,235200,4
The Elements (Music By Sir Arthur Sullivan),0.656,0.372,0,-12.495,1,0.0811,0.956,0,0.129,0.916,115.39,audio_features,3LRGJ97WvYoD99lDgtcIFJ,spotify:track:3LRGJ97WvYoD99lDgtcIFJ,https://api.spotify.com/v1/tracks/3LRGJ97WvYoD99lDgtcIFJ,https://api.spotify.com/v1/audio-analysis/3LRGJ97WvYoD99lDgtcIFJ,86453,4
The New Periodic Table Song,0.559,0.423,7,-7.183,1,0.0727,0.817,0,0.13,0.916,82.549,audio_features,2Cmth2GiA4UsABtEvYsCM1,spotify:track:2Cmth2GiA4UsABtEvYsCM1,https://api.spotify.com/v1/tracks/2Cmth2GiA4UsABtEvYsCM1,https://api.spotify.com/v1/audio-analysis/2Cmth2GiA4UsABtEvYsCM1,169256,4
We Were Friends,0.698,0.303,4,-16.308,0,0.104,0.892,0.0498,0.16,0.155,105.037,audio_features,6IWTSv1HarcxE5JSgPuFgb,spotify:track:6IWTSv1HarcxE5JSgPuFgb,https://api.spotify.com/v1/tracks/6IWTSv1HarcxE5JSgPuFgb,https://api.spotify.com/v1/audio-analysis/6IWTSv1HarcxE5JSgPuFgb,155429,4
iced tea for breakfast,0.486,0.162,0,-23.007,1,0.0487,0.984,0.885,0.362,0.169,119.958,audio_features,751x6FLRCdXDP5HMnUNQZb,spotify:track:751x6FLRCdXDP5HMnUNQZb,https://api.spotify.com/v1/tracks/751x6FLRCdXDP5HMnUNQZb,https://api.spotify.com/v1/audio-analysis/751x6FLRCdXDP5HMnUNQZb,76000,4
Chilling At Nemu's Place,0.943,0.406,8,-10.715,0,0.0876,0.556,0.719,0.0913,0.991,109.055,audio_features,6Lr6YaV8KW41iD53PgjPr5,spotify:track:6Lr6YaV8KW41iD53PgjPr5,https://api.spotify.com/v1/tracks/6Lr6YaV8KW41iD53PgjPr5,https://api.spotify.com/v1/audio-analysis/6Lr6YaV8KW41iD53PgjPr5,46315,4
hyacinth,0.662,0.126,2,-25.277,1,0.0442,0.72,0.799,0.339,0.518,82.005,audio_features,1YqXQb7KsMg53iHhF6Cxe9,spotify:track:1YqXQb7KsMg53iHhF6Cxe9,https://api.spotify.com/v1/tracks/1YqXQb7KsMg53iHhF6Cxe9,https://api.spotify.com/v1/audio-analysis/1YqXQb7KsMg53iHhF6Cxe9,160976,4
Oh Bubblegum,0.351,0.299,7,-14.561,1,0.0547,0.592,1.18e-6,0.132,0.349,181.75,audio_features,0wxmUJyKmu24blcUjIQlK9,spotify:track:0wxmUJyKmu24blcUjIQlK9,https://api.spotify.com/v1/tracks/0wxmUJyKmu24blcUjIQlK9,https://api.spotify.com/v1/audio-analysis/0wxmUJyKmu24blcUjIQlK9,72843,4
All Gummed Up / All Warmed Up (feat. Jeremy Shada & John DiMaggio),0.448,0.312,7,-15.256,1,0.0619,0.93,1.62e-4,0.122,0.858,168.713,audio_features,4j9hQ6eD7LQRYcynUep1cB,spotify:track:4j9hQ6eD7LQRYcynUep1cB,https://api.spotify.com/v1/tracks/4j9hQ6eD7LQRYcynUep1cB,https://api.spotify.com/v1/audio-analysis/4j9hQ6eD7LQRYcynUep1cB,86624,4
Fries (feat. Olivia Olson),0.76,0.358,7,-17.43,1,0.934,0.692,0,0.0995,0.343,74.104,audio_features,6iozKmwCZzcPVrPAFSyEDC,spotify:track:6iozKmwCZzcPVrPAFSyEDC,https://api.spotify.com/v1/tracks/6iozKmwCZzcPVrPAFSyEDC,https://api.spotify.com/v1/audio-analysis/6iozKmwCZzcPVrPAFSyEDC,49242,3
showers,0.713,0.547,11,-9.255,1,0.0924,0.398,0.867,0.0886,0.812,187.908,audio_features,3Vs2I2a6B07i2muxi36TxP,spotify:track:3Vs2I2a6B07i2muxi36TxP,https://api.spotify.com/v1/tracks/3Vs2I2a6B07i2muxi36TxP,https://api.spotify.com/v1/audio-analysis/3Vs2I2a6B07i2muxi36TxP,107171,3
Fibre De Verre,0.658,0.457,9,-8.635,0,0.0485,0.669,5.85e-4,0.105,0.31,132.216,audio_features,1DaKM1Mzf9cOhHF9eKZZ4w,spotify:track:1DaKM1Mzf9cOhHF9eKZZ4w,https://api.spotify.com/v1/tracks/1DaKM1Mzf9cOhHF9eKZZ4w,https://api.spotify.com/v1/audio-analysis/1DaKM1Mzf9cOhHF9eKZZ4w,220933,4
It Had To Be You,0.285,0.142,10,-18.543,1,0.0361,0.809,8.4e-5,0.0905,0.15,138.069,audio_features,0Ab4lEHfPY98aqtQrKQbUu,spotify:track:0Ab4lEHfPY98aqtQrKQbUu,https://api.spotify.com/v1/tracks/0Ab4lEHfPY98aqtQrKQbUu,https://api.spotify.com/v1/audio-analysis/0Ab4lEHfPY98aqtQrKQbUu,234667,4
Come Together - Remastered 2009,0.533,0.376,9,-11.913,0,0.0393,0.0302,0.248,0.0926,0.187,165.007,audio_features,2EqlS6tkEnglzr7tkKAAYD,spotify:track:2EqlS6tkEnglzr7tkKAAYD,https://api.spotify.com/v1/tracks/2EqlS6tkEnglzr7tkKAAYD,https://api.spotify.com/v1/audio-analysis/2EqlS6tkEnglzr7tkKAAYD,259947,4
Light Switch,0.69,0.626,6,-5.693,1,0.306,0.105,3.35e-4,0.0881,0.912,184.009,audio_features,1BSMpVGWs3v5BZKnAQziAc,spotify:track:1BSMpVGWs3v5BZKnAQziAc,https://api.spotify.com/v1/tracks/1BSMpVGWs3v5BZKnAQziAc,https://api.spotify.com/v1/audio-analysis/1BSMpVGWs3v5BZKnAQziAc,185681,4
traitor,0.38,0.339,3,-7.885,1,0.0338,0.691,0,0.12,0.0849,100.607,audio_features,5CZ40GBx1sQ9agT82CLQCT,spotify:track:5CZ40GBx1sQ9agT82CLQCT,https://api.spotify.com/v1/tracks/5CZ40GBx1sQ9agT82CLQCT,https://api.spotify.com/v1/audio-analysis/5CZ40GBx1sQ9agT82CLQCT,229227,4
drivers license,0.561,0.431,10,-8.81,1,0.0578,0.768,1.42e-5,0.106,0.137,143.875,audio_features,5wANPM4fQCJwkGd4rN57mH,spotify:track:5wANPM4fQCJwkGd4rN57mH,https://api.spotify.com/v1/tracks/5wANPM4fQCJwkGd4rN57mH,https://api.spotify.com/v1/audio-analysis/5wANPM4fQCJwkGd4rN57mH,242013,4
deja vu,0.442,0.612,2,-7.222,1,0.112,0.584,5.7e-6,0.37,0.178,180.917,audio_features,6HU7h9RYOaPRFeh0R3UeAr,spotify:track:6HU7h9RYOaPRFeh0R3UeAr,https://api.spotify.com/v1/tracks/6HU7h9RYOaPRFeh0R3UeAr,https://api.spotify.com/v1/audio-analysis/6HU7h9RYOaPRFeh0R3UeAr,215507,4
good 4 u,0.563,0.664,9,-5.044,1,0.154,0.335,0,0.0849,0.688,166.928,audio_features,4ZtFanR9U6ndgddUvNcjcG,spotify:track:4ZtFanR9U6ndgddUvNcjcG,https://api.spotify.com/v1/tracks/4ZtFanR9U6ndgddUvNcjcG,https://api.spotify.com/v1/audio-analysis/4ZtFanR9U6ndgddUvNcjcG,178147,4
enough for you,0.638,0.259,7,-10.706,1,0.0898,0.753,0,0.219,0.269,88.485,audio_features,2TOzTqQXNmR2zDJXihjZ2e,spotify:track:2TOzTqQXNmR2zDJXihjZ2e,https://api.spotify.com/v1/tracks/2TOzTqQXNmR2zDJXihjZ2e,https://api.spotify.com/v1/audio-analysis/2TOzTqQXNmR2zDJXihjZ2e,202827,4
happier,0.395,0.443,6,-9.72,1,0.133,0.765,9.67e-6,0.0839,0.338,168.924,audio_features,2tGvwE8GcFKwNdAXMnlbfl,spotify:track:2tGvwE8GcFKwNdAXMnlbfl,https://api.spotify.com/v1/tracks/2tGvwE8GcFKwNdAXMnlbfl,https://api.spotify.com/v1/audio-analysis/2tGvwE8GcFKwNdAXMnlbfl,175933,3
"jealousy, jealousy",0.695,0.575,10,-6.334,0,0.116,0.198,0,0.0614,0.699,163.929,audio_features,0MMyJUC3WNnFS1lit5pTjk,spotify:track:0MMyJUC3WNnFS1lit5pTjk,https://api.spotify.com/v1/tracks/0MMyJUC3WNnFS1lit5pTjk,https://api.spotify.com/v1/audio-analysis/0MMyJUC3WNnFS1lit5pTjk,173160,4
favorite crime,0.369,0.272,9,-10.497,1,0.0364,0.866,0,0.147,0.218,172.929,audio_features,5JCoSi02qi3jJeHdZXMmR8,spotify:track:5JCoSi02qi3jJeHdZXMmR8,https://api.spotify.com/v1/tracks/5JCoSi02qi3jJeHdZXMmR8,https://api.spotify.com/v1/audio-analysis/5JCoSi02qi3jJeHdZXMmR8,152667,4
hope ur ok,0.443,0.298,0,-12.181,1,0.0644,0.388,1e-5,0.103,0.172,77.253,audio_features,1zejeOnykpCoyVSit6Bwp3,spotify:track:1zejeOnykpCoyVSit6Bwp3,https://api.spotify.com/v1/tracks/1zejeOnykpCoyVSit6Bwp3,https://api.spotify.com/v1/audio-analysis/1zejeOnykpCoyVSit6Bwp3,209560,4
"Rocket Man (I Think It's Going To Be A Long, Long Time)",0.601,0.532,10,-9.119,1,0.0286,0.432,6.25e-6,0.0925,0.341,136.571,audio_features,3gdewACMIVMEWVbyb8O9sY,spotify:track:3gdewACMIVMEWVbyb8O9sY,https://api.spotify.com/v1/tracks/3gdewACMIVMEWVbyb8O9sY,https://api.spotify.com/v1/audio-analysis/3gdewACMIVMEWVbyb8O9sY,281613,4
Blackberry,0.545,0.898,0,-3.287,1,0.0902,0.0396,0,0.0953,0.646,115.464,audio_features,06pvneTNSW9G30Rod8nbne,spotify:track:06pvneTNSW9G30Rod8nbne,https://api.spotify.com/v1/tracks/06pvneTNSW9G30Rod8nbne,https://api.spotify.com/v1/audio-analysis/06pvneTNSW9G30Rod8nbne,205560,4
Don't Get Around Much Anymore,0.641,0.393,10,-6.41,1,0.0331,0.591,0,0.147,0.449,113.323,audio_features,6RjvMuSa4ZCqPueIIO4IBs,spotify:track:6RjvMuSa4ZCqPueIIO4IBs,https://api.spotify.com/v1/tracks/6RjvMuSa4ZCqPueIIO4IBs,https://api.spotify.com/v1/audio-analysis/6RjvMuSa4ZCqPueIIO4IBs,159000,4
Good Kisser,0.485,0.591,10,-3.888,1,0.0453,0.119,0.00278,0.0787,0.636,160.336,audio_features,7BDbyDs5FUmnh955RABFd7,spotify:track:7BDbyDs5FUmnh955RABFd7,https://api.spotify.com/v1/tracks/7BDbyDs5FUmnh955RABFd7,https://api.spotify.com/v1/audio-analysis/7BDbyDs5FUmnh955RABFd7,218493,4
Wouldn't It Be Nice,0.392,0.629,5,-7.056,1,0.0335,0.718,3.76e-6,0.129,0.72,124.511,audio_features,2Gy7qnDwt8Z3MNxqat4CsK,spotify:track:2Gy7qnDwt8Z3MNxqat4CsK,https://api.spotify.com/v1/tracks/2Gy7qnDwt8Z3MNxqat4CsK,https://api.spotify.com/v1/audio-analysis/2Gy7qnDwt8Z3MNxqat4CsK,153205,4
Painkiller,0.371,0.778,4,-7.969,1,0.0497,2.72e-4,3.11e-4,0.169,0.482,122.719,audio_features,78j9wYboWAkB0UxVVq0X0H,spotify:track:78j9wYboWAkB0UxVVq0X0H,https://api.spotify.com/v1/tracks/78j9wYboWAkB0UxVVq0X0H,https://api.spotify.com/v1/audio-analysis/78j9wYboWAkB0UxVVq0X0H,216146,4
Skinny Love,0.379,0.29,4,-8.485,1,0.051,0.952,0.00106,0.118,0.169,166.467,audio_features,4RL77hMWUq35NYnPLXBpih,spotify:track:4RL77hMWUq35NYnPLXBpih,https://api.spotify.com/v1/tracks/4RL77hMWUq35NYnPLXBpih,https://api.spotify.com/v1/audio-analysis/4RL77hMWUq35NYnPLXBpih,201080,4
Que Sera Sera - Live,0.41,0.415,8,-11.003,1,0.0679,0.425,4.97e-5,0.726,0.165,105.932,audio_features,54mhqRiKNrsB41bsxzOJ36,spotify:track:54mhqRiKNrsB41bsxzOJ36,https://api.spotify.com/v1/tracks/54mhqRiKNrsB41bsxzOJ36,https://api.spotify.com/v1/audio-analysis/54mhqRiKNrsB41bsxzOJ36,806738,3
Like A Star,0.606,0.226,2,-10.617,0,0.0347,0.715,1e-4,0.35,0.142,122.711,audio_features,5Anh8jULgeUgciLHCR25Mk,spotify:track:5Anh8jULgeUgciLHCR25Mk,https://api.spotify.com/v1/tracks/5Anh8jULgeUgciLHCR25Mk,https://api.spotify.com/v1/audio-analysis/5Anh8jULgeUgciLHCR25Mk,243213,4
Top Jimmy - 2015 Remaster,0.303,0.904,3,-6.106,1,0.211,0.0917,0,0.144,0.3,184.484,audio_features,4H5QdHS8T7Qq4WgzFkYu5Q,spotify:track:4H5QdHS8T7Qq4WgzFkYu5Q,https://api.spotify.com/v1/tracks/4H5QdHS8T7Qq4WgzFkYu5Q,https://api.spotify.com/v1/audio-analysis/4H5QdHS8T7Qq4WgzFkYu5Q,179907,4
Sold My Soul,0.466,0.433,2,-9.489,1,0.0304,0.644,2.58e-6,0.093,0.568,145.644,audio_features,7C6hHmGVWw4SzewfvFU2Hc,spotify:track:7C6hHmGVWw4SzewfvFU2Hc,https://api.spotify.com/v1/tracks/7C6hHmGVWw4SzewfvFU2Hc,https://api.spotify.com/v1/audio-analysis/7C6hHmGVWw4SzewfvFU2Hc,371977,4
"Moon River (From ""Breakfast at Tiffany's"")",0.281,0.212,6,-15.513,1,0.031,0.86,7.73e-5,0.119,0.195,95.555,audio_features,24AIahNHzBxm9S12peXbnG,spotify:track:24AIahNHzBxm9S12peXbnG,https://api.spotify.com/v1/tracks/24AIahNHzBxm9S12peXbnG,https://api.spotify.com/v1/audio-analysis/24AIahNHzBxm9S12peXbnG,162893,3
Sweet Baby James - 2019 Remaster,0.539,0.114,2,-20.575,1,0.0346,0.882,0.00902,0.106,0.608,141.378,audio_features,17PXXzOygMyXXUNLngVN5u,spotify:track:17PXXzOygMyXXUNLngVN5u,https://api.spotify.com/v1/tracks/17PXXzOygMyXXUNLngVN5u,https://api.spotify.com/v1/audio-analysis/17PXXzOygMyXXUNLngVN5u,173733,3
Wrong,0.661,0.621,4,-10.136,1,0.0265,0.0968,0.00268,0.105,0.546,94.985,audio_features,0117CKfW7wTyLuDkjOo0pP,spotify:track:0117CKfW7wTyLuDkjOo0pP,https://api.spotify.com/v1/tracks/0117CKfW7wTyLuDkjOo0pP,https://api.spotify.com/v1/audio-analysis/0117CKfW7wTyLuDkjOo0pP,253173,4
How Deep the Father's Love For Us,0.209,0.18,2,-19.077,1,0.0415,0.951,0.78,0.0882,0.155,176.845,audio_features,1j8DGpImDAReuUvhv7Q2Tf,spotify:track:1j8DGpImDAReuUvhv7Q2Tf,https://api.spotify.com/v1/tracks/1j8DGpImDAReuUvhv7Q2Tf,https://api.spotify.com/v1/audio-analysis/1j8DGpImDAReuUvhv7Q2Tf,142381,3
TALES OF DOMINICA,0.742,0.734,8,-5.582,0,0.0407,0.629,0.00314,0.0834,0.541,114.952,audio_features,5S4PZ7AuYlYiVIVik3wHUf,spotify:track:5S4PZ7AuYlYiVIVik3wHUf,https://api.spotify.com/v1/tracks/5S4PZ7AuYlYiVIVik3wHUf,https://api.spotify.com/v1/audio-analysis/5S4PZ7AuYlYiVIVik3wHUf,146006,4
Walkin' Back to Georgia,0.661,0.518,6,-10.061,0,0.0319,0.621,1.78e-5,0.0953,0.776,127.266,audio_features,51ueZKM83MTRv9rgiDfI6Y,spotify:track:51ueZKM83MTRv9rgiDfI6Y,https://api.spotify.com/v1/tracks/51ueZKM83MTRv9rgiDfI6Y,https://api.spotify.com/v1/audio-analysis/51ueZKM83MTRv9rgiDfI6Y,170760,4
Dirty Nikes,0.784,0.271,9,-9.786,1,0.058,0.675,0.00828,0.108,0.317,70.002,audio_features,2wjkqe0TNPljHEBXknWviW,spotify:track:2wjkqe0TNPljHEBXknWviW,https://api.spotify.com/v1/tracks/2wjkqe0TNPljHEBXknWviW,https://api.spotify.com/v1/audio-analysis/2wjkqe0TNPljHEBXknWviW,198253,4
Die Fast,0.745,0.361,0,-8.826,1,0.312,0.556,0,0.0904,0.557,180.095,audio_features,0kAfgasXZ1WEAAoicQXFxh,spotify:track:0kAfgasXZ1WEAAoicQXFxh,https://api.spotify.com/v1/tracks/0kAfgasXZ1WEAAoicQXFxh,https://api.spotify.com/v1/audio-analysis/0kAfgasXZ1WEAAoicQXFxh,219813,4
You've Got a Friend - 2019 Remaster,0.689,0.2,9,-18.634,1,0.0309,0.795,0.0327,0.0893,0.478,91.787,audio_features,6zV8IpLvw0tkRSVCFQJB1y,spotify:track:6zV8IpLvw0tkRSVCFQJB1y,https://api.spotify.com/v1/tracks/6zV8IpLvw0tkRSVCFQJB1y,https://api.spotify.com/v1/audio-analysis/6zV8IpLvw0tkRSVCFQJB1y,268867,4
How Sweet It Is (To Be Loved By You) - 2019 Remaster,0.764,0.628,0,-10.961,1,0.048,0.336,0,0.0977,0.823,109.008,audio_features,75Nlnd9AJ4CYrLXgWGsuTF,spotify:track:75Nlnd9AJ4CYrLXgWGsuTF,https://api.spotify.com/v1/tracks/75Nlnd9AJ4CYrLXgWGsuTF,https://api.spotify.com/v1/audio-analysis/75Nlnd9AJ4CYrLXgWGsuTF,216387,4
Fire and Rain - 2019 Remaster,0.597,0.271,5,-17.293,1,0.0394,0.766,0.0119,0.0933,0.338,76.271,audio_features,1oht5GevPN9t1T3kG1m1GO,spotify:track:1oht5GevPN9t1T3kG1m1GO,https://api.spotify.com/v1/tracks/1oht5GevPN9t1T3kG1m1GO,https://api.spotify.com/v1/audio-analysis/1oht5GevPN9t1T3kG1m1GO,203613,4
Love Me Do - Mono Version / Remastered 2009,0.52,0.824,0,-7.092,1,0.0966,0.509,9.34e-5,0.205,0.753,146.773,audio_features,0h7N5rOgTT1rSwLoj9f3Bk,spotify:track:0h7N5rOgTT1rSwLoj9f3Bk,https://api.spotify.com/v1/tracks/0h7N5rOgTT1rSwLoj9f3Bk,https://api.spotify.com/v1/audio-analysis/0h7N5rOgTT1rSwLoj9f3Bk,142120,4
Please Please Me - Mono Version / Remastered 2009,0.542,0.699,4,-5.829,1,0.0318,0.628,0,0.053,0.827,138.383,audio_features,473McZs08uo5AIimJyAelZ,spotify:track:473McZs08uo5AIimJyAelZ,https://api.spotify.com/v1/tracks/473McZs08uo5AIimJyAelZ,https://api.spotify.com/v1/audio-analysis/473McZs08uo5AIimJyAelZ,121333,4
From Me To You - Mono Version / Remastered 2009,0.554,0.772,0,-6.123,1,0.0323,0.599,0,0.127,0.969,135.849,audio_features,5JCbyeGTxbxMRZICQ0OkZO,spotify:track:5JCbyeGTxbxMRZICQ0OkZO,https://api.spotify.com/v1/tracks/5JCbyeGTxbxMRZICQ0OkZO,https://api.spotify.com/v1/audio-analysis/5JCbyeGTxbxMRZICQ0OkZO,117907,4
She Loves You - Mono Version / Remastered 2009,0.308,0.895,7,-5.157,1,0.0463,0.389,0,0.177,0.902,150.109,audio_features,0qsS2A3hwicJCLtcaR6JRQ,spotify:track:0qsS2A3hwicJCLtcaR6JRQ,https://api.spotify.com/v1/tracks/0qsS2A3hwicJCLtcaR6JRQ,https://api.spotify.com/v1/audio-analysis/0qsS2A3hwicJCLtcaR6JRQ,142653,4
I Want To Hold Your Hand - Remastered 2009,0.496,0.703,7,-6.905,1,0.0376,0.525,2.08e-6,0.305,0.936,130.915,audio_features,5Qe7NHxeLAn8KoLTNLSdwe,spotify:track:5Qe7NHxeLAn8KoLTNLSdwe,https://api.spotify.com/v1/tracks/5Qe7NHxeLAn8KoLTNLSdwe,https://api.spotify.com/v1/audio-analysis/5Qe7NHxeLAn8KoLTNLSdwe,146720,4
All My Loving - Remastered 2009,0.387,0.551,4,-9.643,1,0.0303,0.2,0,0.355,0.903,155.209,audio_features,2D2u93x695mLEvAoCJZ8Yl,spotify:track:2D2u93x695mLEvAoCJZ8Yl,https://api.spotify.com/v1/tracks/2D2u93x695mLEvAoCJZ8Yl,https://api.spotify.com/v1/audio-analysis/2D2u93x695mLEvAoCJZ8Yl,129227,4
Can't Buy Me Love - Remastered 2009,0.451,0.62,0,-6.877,1,0.0829,0.279,0,0.338,0.84,172.112,audio_features,0IqGdE8K3AguQWVEZ6wEV3,spotify:track:0IqGdE8K3AguQWVEZ6wEV3,https://api.spotify.com/v1/tracks/0IqGdE8K3AguQWVEZ6wEV3,https://api.spotify.com/v1/audio-analysis/0IqGdE8K3AguQWVEZ6wEV3,133107,4
A Hard Day's Night - Remastered 2009,0.59,0.798,0,-6.91,1,0.0394,0.154,0,0.0805,0.762,138.453,audio_features,1E4FcSqQs7U2RTebCNaYRH,spotify:track:1E4FcSqQs7U2RTebCNaYRH,https://api.spotify.com/v1/tracks/1E4FcSqQs7U2RTebCNaYRH,https://api.spotify.com/v1/audio-analysis/1E4FcSqQs7U2RTebCNaYRH,154627,4
And I Love Her - Remastered 2009,0.764,0.322,1,-10.987,0,0.0335,0.63,2.1e-6,0.0582,0.625,113.35,audio_features,5BZshzyuOfIGxmVt6RK7vn,spotify:track:5BZshzyuOfIGxmVt6RK7vn,https://api.spotify.com/v1/tracks/5BZshzyuOfIGxmVt6RK7vn,https://api.spotify.com/v1/audio-analysis/5BZshzyuOfIGxmVt6RK7vn,151413,4
Eight Days A Week - Remastered 2009,0.656,0.616,9,-6.909,1,0.0379,0.407,0,0.104,0.781,138.655,audio_features,1kN5RXxIYrSbCgO8ke88rV,spotify:track:1kN5RXxIYrSbCgO8ke88rV,https://api.spotify.com/v1/tracks/1kN5RXxIYrSbCgO8ke88rV,https://api.spotify.com/v1/audio-analysis/1kN5RXxIYrSbCgO8ke88rV,164533,4
I Feel Fine - Remastered 2009,0.588,0.811,7,-7.299,1,0.0448,0.339,4.06e-6,0.412,0.802,89.862,audio_features,4gxs9En3aoaOm2J5wNMMm9,spotify:track:4gxs9En3aoaOm2J5wNMMm9,https://api.spotify.com/v1/tracks/4gxs9En3aoaOm2J5wNMMm9,https://api.spotify.com/v1/audio-analysis/4gxs9En3aoaOm2J5wNMMm9,140400,4
Ticket To Ride - Remastered 2009,0.523,0.846,9,-6.655,1,0.0683,0.0387,0,0.16,0.734,123.391,audio_features,55RzZKWf4ICmLH4ulzkXNG,spotify:track:55RzZKWf4ICmLH4ulzkXNG,https://api.spotify.com/v1/tracks/55RzZKWf4ICmLH4ulzkXNG,https://api.spotify.com/v1/audio-analysis/55RzZKWf4ICmLH4ulzkXNG,191160,4
Yesterday - Remastered 2009,0.381,0.162,5,-12.44,1,0.0295,0.88,0,0.0882,0.345,96.744,audio_features,3iD2CCv5bsJRIaqJRYD0uJ,spotify:track:3iD2CCv5bsJRIaqJRYD0uJ,https://api.spotify.com/v1/tracks/3iD2CCv5bsJRIaqJRYD0uJ,https://api.spotify.com/v1/audio-analysis/3iD2CCv5bsJRIaqJRYD0uJ,125533,4
Help! - Remastered 2009,0.554,0.742,6,-7.098,0,0.0331,0.205,0,0.076,0.746,94.969,audio_features,2hOC9qItvmSkgMnxRjgPSr,spotify:track:2hOC9qItvmSkgMnxRjgPSr,https://api.spotify.com/v1/tracks/2hOC9qItvmSkgMnxRjgPSr,https://api.spotify.com/v1/audio-analysis/2hOC9qItvmSkgMnxRjgPSr,140280,4
You've Got To Hide Your Love Away - Remastered 2009,0.395,0.362,7,-9.601,1,0.0292,0.195,0,0.0956,0.387,184.294,audio_features,7oNt2nOzTTMCSMbIKP2inQ,spotify:track:7oNt2nOzTTMCSMbIKP2inQ,https://api.spotify.com/v1/tracks/7oNt2nOzTTMCSMbIKP2inQ,https://api.spotify.com/v1/audio-analysis/7oNt2nOzTTMCSMbIKP2inQ,131307,3
We Can Work It Out - Remastered 2009,0.381,0.608,2,-10.061,1,0.0268,0.113,0,0.148,0.742,106.299,audio_features,7LNiAjyg9P2GKINTtN6Yt8,spotify:track:7LNiAjyg9P2GKINTtN6Yt8,https://api.spotify.com/v1/tracks/7LNiAjyg9P2GKINTtN6Yt8,https://api.spotify.com/v1/audio-analysis/7LNiAjyg9P2GKINTtN6Yt8,136120,4
Day Tripper - Remastered 2009,0.641,0.722,6,-10.553,0,0.0297,0.117,0,0.19,0.698,137.732,audio_features,3hNUYt4dMM9RhcWmty8oKF,spotify:track:3hNUYt4dMM9RhcWmty8oKF,https://api.spotify.com/v1/tracks/3hNUYt4dMM9RhcWmty8oKF,https://api.spotify.com/v1/audio-analysis/3hNUYt4dMM9RhcWmty8oKF,169613,4
Drive My Car - Remastered 2009,0.752,0.567,2,-8.635,1,0.0408,0.016,0,0.323,0.846,122.469,audio_features,1U9KXf8iMIHzNnG0Zb0Mzr,spotify:track:1U9KXf8iMIHzNnG0Zb0Mzr,https://api.spotify.com/v1/tracks/1U9KXf8iMIHzNnG0Zb0Mzr,https://api.spotify.com/v1/audio-analysis/1U9KXf8iMIHzNnG0Zb0Mzr,148453,4
Norwegian Wood (This Bird Has Flown) - Remastered 2009,0.43,0.386,4,-11.033,1,0.0351,0.173,0.00449,0.105,0.654,176.535,audio_features,35qzUISYKada65IDfoeOLT,spotify:track:35qzUISYKada65IDfoeOLT,https://api.spotify.com/v1/tracks/35qzUISYKada65IDfoeOLT,https://api.spotify.com/v1/audio-analysis/35qzUISYKada65IDfoeOLT,125187,3
Nowhere Man - Remastered 2009,0.534,0.628,4,-9.308,1,0.0425,0.00903,0,0.108,0.725,121.373,audio_features,3NRXwFqPsmFe2dpIrT8CzK,spotify:track:3NRXwFqPsmFe2dpIrT8CzK,https://api.spotify.com/v1/tracks/3NRXwFqPsmFe2dpIrT8CzK,https://api.spotify.com/v1/audio-analysis/3NRXwFqPsmFe2dpIrT8CzK,164187,4
Michelle - Remastered 2009,0.579,0.29,5,-12.446,0,0.033,0.658,0,0.103,0.636,116.115,audio_features,0FARfrl2IDyNURBj1reFWQ,spotify:track:0FARfrl2IDyNURBj1reFWQ,https://api.spotify.com/v1/tracks/0FARfrl2IDyNURBj1reFWQ,https://api.spotify.com/v1/audio-analysis/0FARfrl2IDyNURBj1reFWQ,162453,4
In My Life - Remastered 2009,0.7,0.473,9,-10.671,1,0.0329,0.464,0,0.118,0.385,103.206,audio_features,15F4pkkx1np7W93qQfqr80,spotify:track:15F4pkkx1np7W93qQfqr80,https://api.spotify.com/v1/tracks/15F4pkkx1np7W93qQfqr80,https://api.spotify.com/v1/audio-analysis/15F4pkkx1np7W93qQfqr80,147227,4
Girl - Remastered 2009,0.694,0.327,0,-11.977,0,0.0284,0.554,0,0.127,0.902,96.645,audio_features,5cXHQInwGNOSmOBTqnuYOs,spotify:track:5cXHQInwGNOSmOBTqnuYOs,https://api.spotify.com/v1/tracks/5cXHQInwGNOSmOBTqnuYOs,https://api.spotify.com/v1/audio-analysis/5cXHQInwGNOSmOBTqnuYOs,151533,4
Paperback Writer - Remastered 2009,0.502,0.685,7,-8.679,1,0.0736,0.179,6.45e-6,0.551,0.805,157.394,audio_features,3OtsmzTZs50ahEnHKVvozC,spotify:track:3OtsmzTZs50ahEnHKVvozC,https://api.spotify.com/v1/tracks/3OtsmzTZs50ahEnHKVvozC,https://api.spotify.com/v1/audio-analysis/3OtsmzTZs50ahEnHKVvozC,139187,4
Eleanor Rigby - Remastered 2009,0.574,0.257,4,-10.145,0,0.0395,0.937,4.75e-5,0.275,0.811,137.787,audio_features,1zhZzC08dfpyuFdct8Oj1Z,spotify:track:1zhZzC08dfpyuFdct8Oj1Z,https://api.spotify.com/v1/tracks/1zhZzC08dfpyuFdct8Oj1Z,https://api.spotify.com/v1/audio-analysis/1zhZzC08dfpyuFdct8Oj1Z,128160,4
Yellow Submarine - Remastered 2009,0.608,0.522,1,-10.87,1,0.044,0.516,0,0.558,0.646,110.85,audio_features,2JBe8gPWMI6Slf19YdsHNy,spotify:track:2JBe8gPWMI6Slf19YdsHNy,https://api.spotify.com/v1/tracks/2JBe8gPWMI6Slf19YdsHNy,https://api.spotify.com/v1/audio-analysis/2JBe8gPWMI6Slf19YdsHNy,159547,4
Do Tempt Me,0.651,0.455,2,-12.272,0,0.0654,0.802,0.871,0.118,0.921,175.753,audio_features,6wbV4hvQbr9ffOfFbejb1H,spotify:track:6wbV4hvQbr9ffOfFbejb1H,https://api.spotify.com/v1/tracks/6wbV4hvQbr9ffOfFbejb1H,https://api.spotify.com/v1/audio-analysis/6wbV4hvQbr9ffOfFbejb1H,185313,4
I'm Just Your Problem (feat. Olivia Olson),0.481,0.236,7,-16.22,1,0.045,0.814,2.95e-5,0.116,0.378,89.531,audio_features,2vJXkBYTfhmszE7ggfDc9E,spotify:track:2vJXkBYTfhmszE7ggfDc9E,https://api.spotify.com/v1/tracks/2vJXkBYTfhmszE7ggfDc9E,https://api.spotify.com/v1/audio-analysis/2vJXkBYTfhmszE7ggfDc9E,116811,3
Isolada,0.723,0.496,4,-7.486,0,0.0311,0.719,2.81e-5,0.113,0.339,116.432,audio_features,2r8u6HHloV4CAyVF9NJ5Ob,spotify:track:2r8u6HHloV4CAyVF9NJ5Ob,https://api.spotify.com/v1/tracks/2r8u6HHloV4CAyVF9NJ5Ob,https://api.spotify.com/v1/audio-analysis/2r8u6HHloV4CAyVF9NJ5Ob,327067,4
Mais Que Nada,0.637,0.493,0,-13.094,0,0.0482,0.524,1.52e-5,0.136,0.932,88.796,audio_features,6YTBfxkdGce9pLEy9jG9Jo,spotify:track:6YTBfxkdGce9pLEy9jG9Jo,https://api.spotify.com/v1/tracks/6YTBfxkdGce9pLEy9jG9Jo,https://api.spotify.com/v1/audio-analysis/6YTBfxkdGce9pLEy9jG9Jo,159467,4
Pink Panther Theme,0.596,0.0756,0,-15.64,1,0.0361,0.522,0.13,0.0917,0.178,115.497,audio_features,1QPRmX2e3EZWskuOe5QqxM,spotify:track:1QPRmX2e3EZWskuOe5QqxM,https://api.spotify.com/v1/tracks/1QPRmX2e3EZWskuOe5QqxM,https://api.spotify.com/v1/audio-analysis/1QPRmX2e3EZWskuOe5QqxM,161600,4
daydreams,0.556,0.807,11,-6.616,0,0.251,0.145,0,0.192,0.724,81.908,audio_features,1eawRXxfFOuGRdd2m3IOsr,spotify:track:1eawRXxfFOuGRdd2m3IOsr,https://api.spotify.com/v1/tracks/1eawRXxfFOuGRdd2m3IOsr,https://api.spotify.com/v1/audio-analysis/1eawRXxfFOuGRdd2m3IOsr,213608,4
姫の心,0.327,0.268,6,-14.241,0,0.0369,0.672,3.82e-4,0.129,0.0919,64.199,audio_features,19ZewFUsn9MZDvyWDaxERM,spotify:track:19ZewFUsn9MZDvyWDaxERM,https://api.spotify.com/v1/tracks/19ZewFUsn9MZDvyWDaxERM,https://api.spotify.com/v1/audio-analysis/19ZewFUsn9MZDvyWDaxERM,86547,4
空のランデブー,0.171,0.441,2,-11.008,1,0.0415,0.671,0.777,0.113,0.179,63.782,audio_features,6oytxIO8UUP1pM0hH9cjRk,spotify:track:6oytxIO8UUP1pM0hH9cjRk,https://api.spotify.com/v1/tracks/6oytxIO8UUP1pM0hH9cjRk,https://api.spotify.com/v1/audio-analysis/6oytxIO8UUP1pM0hH9cjRk,102280,3
The Boy Who Swallowed a Star,0.0712,0.158,0,-17.347,1,0.0405,0.974,0.913,0.0579,0.0368,66.659,audio_features,0Pinld1kinGMrHzSBC4psL,spotify:track:0Pinld1kinGMrHzSBC4psL,https://api.spotify.com/v1/tracks/0Pinld1kinGMrHzSBC4psL,https://api.spotify.com/v1/audio-analysis/0Pinld1kinGMrHzSBC4psL,449840,4
Moving to a New House,0.137,0.138,7,-21.114,1,0.0342,0.977,0.698,0.377,0.068,86.181,audio_features,3sSwxwPxbmTJrQbAYSmrZi,spotify:track:3sSwxwPxbmTJrQbAYSmrZi,https://api.spotify.com/v1/tracks/3sSwxwPxbmTJrQbAYSmrZi,https://api.spotify.com/v1/audio-analysis/3sSwxwPxbmTJrQbAYSmrZi,185907,4
The Flower Garden,0.0999,0.181,0,-17.599,0,0.0424,0.94,0.888,0.105,0.0922,71.277,audio_features,6IZF8hi9J6EtFDLQqOlSbu,spotify:track:6IZF8hi9J6EtFDLQqOlSbu,https://api.spotify.com/v1/tracks/6IZF8hi9J6EtFDLQqOlSbu,https://api.spotify.com/v1/audio-analysis/6IZF8hi9J6EtFDLQqOlSbu,178507,4
INDUSTRY BABY (feat. Jack Harlow),0.736,0.704,3,-7.409,0,0.0615,0.0203,0,0.0501,0.894,149.995,audio_features,27NovPIUIRrOZoCHxABJwK,spotify:track:27NovPIUIRrOZoCHxABJwK,https://api.spotify.com/v1/tracks/27NovPIUIRrOZoCHxABJwK,https://api.spotify.com/v1/audio-analysis/27NovPIUIRrOZoCHxABJwK,212000,4
冬のはなし,0.447,0.973,5,-1.447,1,0.0728,8.51e-4,0,0.307,0.383,134.914,audio_features,3VrKkcEm7RYXBI9RLv7SL7,spotify:track:3VrKkcEm7RYXBI9RLv7SL7,https://api.spotify.com/v1/tracks/3VrKkcEm7RYXBI9RLv7SL7,https://api.spotify.com/v1/audio-analysis/3VrKkcEm7RYXBI9RLv7SL7,208907,4
夜に駆ける,0.67,0.874,8,-5.221,1,0.0305,0.00231,1.72e-5,0.3,0.789,130.041,audio_features,3dPtXHP0oXQ4HCWHsOA9js,spotify:track:3dPtXHP0oXQ4HCWHsOA9js,https://api.spotify.com/v1/tracks/3dPtXHP0oXQ4HCWHsOA9js,https://api.spotify.com/v1/audio-analysis/3dPtXHP0oXQ4HCWHsOA9js,261013,4
冬のはなし,0.445,0.974,5,-1.455,1,0.0696,8.26e-4,0,0.292,0.414,134.969,audio_features,0bgujdpFkvd6vmQpqmT2pz,spotify:track:0bgujdpFkvd6vmQpqmT2pz,https://api.spotify.com/v1/tracks/0bgujdpFkvd6vmQpqmT2pz,https://api.spotify.com/v1/audio-analysis/0bgujdpFkvd6vmQpqmT2pz,206307,4
Can't Take My Eyes off You,0.581,0.78,4,-7.053,1,0.0567,0.508,1.07e-5,0.0799,0.561,123.711,audio_features,0bfvHnWWOeU1U5XeKyVLbW,spotify:track:0bfvHnWWOeU1U5XeKyVLbW,https://api.spotify.com/v1/tracks/0bfvHnWWOeU1U5XeKyVLbW,https://api.spotify.com/v1/audio-analysis/0bfvHnWWOeU1U5XeKyVLbW,203680,4
Time in a Bottle,0.544,0.265,2,-11.952,1,0.035,0.848,0,0.196,0.7,133.837,audio_features,561F1zqRwGPCTMRsLsXVtL,spotify:track:561F1zqRwGPCTMRsLsXVtL,https://api.spotify.com/v1/tracks/561F1zqRwGPCTMRsLsXVtL,https://api.spotify.com/v1/audio-analysis/561F1zqRwGPCTMRsLsXVtL,146176,3
People Watching,0.53,0.593,5,-7.286,1,0.0545,0.385,0,0.314,0.538,125.723,audio_features,4JeOesjcWWlprTAvucDSJX,spotify:track:4JeOesjcWWlprTAvucDSJX,https://api.spotify.com/v1/tracks/4JeOesjcWWlprTAvucDSJX,https://api.spotify.com/v1/audio-analysis/4JeOesjcWWlprTAvucDSJX,158537,4
NDA,0.765,0.373,8,-9.915,1,0.0713,0.329,0.541,0.112,0.59,85.015,audio_features,6uqyE384HDSsuwpoF4mjrL,spotify:track:6uqyE384HDSsuwpoF4mjrL,https://api.spotify.com/v1/tracks/6uqyE384HDSsuwpoF4mjrL,https://api.spotify.com/v1/audio-analysis/6uqyE384HDSsuwpoF4mjrL,195777,4
St James,0.494,0.595,9,-9.038,0,0.187,0.751,3.84e-6,0.936,0.652,143.962,audio_features,3ERt1xubamWhMOBwCxOITL,spotify:track:3ERt1xubamWhMOBwCxOITL,https://api.spotify.com/v1/tracks/3ERt1xubamWhMOBwCxOITL,https://api.spotify.com/v1/audio-analysis/3ERt1xubamWhMOBwCxOITL,219173,4
Isadora,0.278,0.239,6,-15.248,1,0.0353,0.901,0.141,0.18,0.204,169.229,audio_features,7G9VsVr1m6YzaJgHyRgz4y,spotify:track:7G9VsVr1m6YzaJgHyRgz4y,https://api.spotify.com/v1/tracks/7G9VsVr1m6YzaJgHyRgz4y,https://api.spotify.com/v1/audio-analysis/7G9VsVr1m6YzaJgHyRgz4y,373880,3
Monk's Dream - Take 8,0.698,0.278,5,-15.425,1,0.0508,0.572,0.0233,0.105,0.77,81.079,audio_features,0488kXJ1YnLMrrM1ssJnev,spotify:track:0488kXJ1YnLMrrM1ssJnev,https://api.spotify.com/v1/tracks/0488kXJ1YnLMrrM1ssJnev,https://api.spotify.com/v1/audio-analysis/0488kXJ1YnLMrrM1ssJnev,385467,4
Disaster,0.466,0.319,11,-19.953,0,0.382,0.706,0,0.118,0.205,79.084,audio_features,6DYPq8PvxD6oICrs6TJF0i,spotify:track:6DYPq8PvxD6oICrs6TJF0i,https://api.spotify.com/v1/tracks/6DYPq8PvxD6oICrs6TJF0i,https://api.spotify.com/v1/audio-analysis/6DYPq8PvxD6oICrs6TJF0i,144000,4
Salt Peanuts,0.531,0.631,0,-12.334,1,0.0706,0.409,0.0951,0.688,0.88,144.652,audio_features,44Ib28C47rQLz0yO7wYh4I,spotify:track:44Ib28C47rQLz0yO7wYh4I,https://api.spotify.com/v1/tracks/44Ib28C47rQLz0yO7wYh4I,https://api.spotify.com/v1/audio-analysis/44Ib28C47rQLz0yO7wYh4I,428606,4
"Nocturne No. 1 in E Flat Major, H.24",0.321,0.0272,3,-25.066,1,0.037,0.993,0.919,0.0947,0.0632,74.69,audio_features,4h4py9AzEuUGBTJZO4ifnm,spotify:track:4h4py9AzEuUGBTJZO4ifnm,https://api.spotify.com/v1/tracks/4h4py9AzEuUGBTJZO4ifnm,https://api.spotify.com/v1/audio-analysis/4h4py9AzEuUGBTJZO4ifnm,221732,4
"Kinderszenen, Op. 15: 7. Träumerei",0.404,0.0151,5,-35.799,1,0.0652,0.996,0.916,0.0946,0.282,134.935,audio_features,7rrDSYbroZhV6aKkbYxiuG,spotify:track:7rrDSYbroZhV6aKkbYxiuG,https://api.spotify.com/v1/tracks/7rrDSYbroZhV6aKkbYxiuG,https://api.spotify.com/v1/audio-analysis/7rrDSYbroZhV6aKkbYxiuG,150600,5
Einaudi: Una mattina,0.0975,0.0077,9,-34.135,0,0.0471,0.988,0.83,0.0603,0.0989,87.152,audio_features,3I26MLXZxlXnRnta6CKC9A,spotify:track:3I26MLXZxlXnRnta6CKC9A,https://api.spotify.com/v1/tracks/3I26MLXZxlXnRnta6CKC9A,https://api.spotify.com/v1/audio-analysis/3I26MLXZxlXnRnta6CKC9A,190813,4
Dreamland - Solo Piano Version,0.238,0.0848,3,-22.482,1,0.0357,0.985,0.898,0.133,0.168,167.506,audio_features,7IOW37zJgduauyHWdihAnl,spotify:track:7IOW37zJgduauyHWdihAnl,https://api.spotify.com/v1/tracks/7IOW37zJgduauyHWdihAnl,https://api.spotify.com/v1/audio-analysis/7IOW37zJgduauyHWdihAnl,161258,3
Mystery of Love,0.53,0.419,7,-11.155,1,0.0319,0.982,0.895,0.18,0.663,108.019,audio_features,6VAQ2snOMFwWSXim6QYFaH,spotify:track:6VAQ2snOMFwWSXim6QYFaH,https://api.spotify.com/v1/tracks/6VAQ2snOMFwWSXim6QYFaH,https://api.spotify.com/v1/audio-analysis/6VAQ2snOMFwWSXim6QYFaH,205853,4
deja vu,0.439,0.61,9,-7.236,1,0.116,0.593,1.07e-5,0.341,0.172,181.088,audio_features,61KpQadow081I2AsbeLcsb,spotify:track:61KpQadow081I2AsbeLcsb,https://api.spotify.com/v1/tracks/61KpQadow081I2AsbeLcsb,https://api.spotify.com/v1/audio-analysis/61KpQadow081I2AsbeLcsb,215508,4
drivers license,0.585,0.436,10,-8.761,1,0.0601,0.721,1.31e-5,0.105,0.132,143.874,audio_features,7lPN2DXiMsVn7XUKtOW1CS,spotify:track:7lPN2DXiMsVn7XUKtOW1CS,https://api.spotify.com/v1/tracks/7lPN2DXiMsVn7XUKtOW1CS,https://api.spotify.com/v1/audio-analysis/7lPN2DXiMsVn7XUKtOW1CS,242014,4
Sunday Morning,0.608,0.768,0,-5.227,1,0.0475,0.0913,0,0.0629,0.809,88.059,audio_features,5qII2n90lVdPDcgXEEVHNy,spotify:track:5qII2n90lVdPDcgXEEVHNy,https://api.spotify.com/v1/tracks/5qII2n90lVdPDcgXEEVHNy,https://api.spotify.com/v1/audio-analysis/5qII2n90lVdPDcgXEEVHNy,244880,4
Love & War in Your Twenties,0.736,0.525,2,-9.694,1,0.0296,0.22,0.00152,0.127,0.529,102.987,audio_features,2NU2U0wWzGtZtuu1QsacOb,spotify:track:2NU2U0wWzGtZtuu1QsacOb,https://api.spotify.com/v1/tracks/2NU2U0wWzGtZtuu1QsacOb,https://api.spotify.com/v1/audio-analysis/2NU2U0wWzGtZtuu1QsacOb,250547,4
space kitty with magic propulsor,0.456,0.407,9,-14.26,0,0.0334,0.447,0.969,0.294,0.0581,89.951,audio_features,1sbyyKTR6gICUC34McvLlV,spotify:track:1sbyyKTR6gICUC34McvLlV,https://api.spotify.com/v1/tracks/1sbyyKTR6gICUC34McvLlV,https://api.spotify.com/v1/audio-analysis/1sbyyKTR6gICUC34McvLlV,117333,4
telepatía,0.653,0.524,11,-9.016,0,0.0502,0.112,0,0.203,0.553,83.97,audio_features,6tDDoYIxWvMLTdKpjFkc1B,spotify:track:6tDDoYIxWvMLTdKpjFkc1B,https://api.spotify.com/v1/tracks/6tDDoYIxWvMLTdKpjFkc1B,https://api.spotify.com/v1/audio-analysis/6tDDoYIxWvMLTdKpjFkc1B,160191,4
Coco,0.852,0.783,0,-4.241,1,0.361,0.45,0,0.134,0.886,142.066,audio_features,1aZmrST6ppqWbi0bwbwlOj,spotify:track:1aZmrST6ppqWbi0bwbwlOj,https://api.spotify.com/v1/tracks/1aZmrST6ppqWbi0bwbwlOj,https://api.spotify.com/v1/audio-analysis/1aZmrST6ppqWbi0bwbwlOj,205144,4
sneakers,0.714,0.391,3,-9.887,1,0.0404,0.679,0.00283,0.134,0.327,85.976,audio_features,4DJtaTBrUPR6M0HFlgLQ3F,spotify:track:4DJtaTBrUPR6M0HFlgLQ3F,https://api.spotify.com/v1/tracks/4DJtaTBrUPR6M0HFlgLQ3F,https://api.spotify.com/v1/audio-analysis/4DJtaTBrUPR6M0HFlgLQ3F,223953,4
BOURRÉE in Em,0.622,0.431,7,-11.667,1,0.148,0.947,0.899,0.152,0.823,140.193,audio_features,0oepSmn6Sqz3Lu0dj5Ikl3,spotify:track:0oepSmn6Sqz3Lu0dj5Ikl3,https://api.spotify.com/v1/tracks/0oepSmn6Sqz3Lu0dj5Ikl3,https://api.spotify.com/v1/audio-analysis/0oepSmn6Sqz3Lu0dj5Ikl3,103576,4
34+35,0.83,0.585,0,-6.476,1,0.094,0.237,0,0.248,0.485,109.978,audio_features,6Im9k8u9iIzKMrmV7BWtlF,spotify:track:6Im9k8u9iIzKMrmV7BWtlF,https://api.spotify.com/v1/tracks/6Im9k8u9iIzKMrmV7BWtlF,https://api.spotify.com/v1/audio-analysis/6Im9k8u9iIzKMrmV7BWtlF,173711,4
Pain,0.908,0.417,10,-8.244,0,0.255,0.0452,0.0824,0.0895,0.81,104.504,audio_features,02vbwgCw4piXoMteswBt5I,spotify:track:02vbwgCw4piXoMteswBt5I,https://api.spotify.com/v1/tracks/02vbwgCw4piXoMteswBt5I,https://api.spotify.com/v1/audio-analysis/02vbwgCw4piXoMteswBt5I,279754,4
Movie,0.785,0.379,7,-11.446,1,0.0732,0.391,0.0161,0.267,0.182,122.043,audio_features,6pxElwU80zhjbCC77Vn8EI,spotify:track:6pxElwU80zhjbCC77Vn8EI,https://api.spotify.com/v1/tracks/6pxElwU80zhjbCC77Vn8EI,https://api.spotify.com/v1/audio-analysis/6pxElwU80zhjbCC77Vn8EI,357357,3
WOMAN,0.594,0.517,6,-6.832,0,0.361,0.553,0,0.0888,0.649,177.21,audio_features,63yD1pa1Ux5Ug4tIi6ygdv,spotify:track:63yD1pa1Ux5Ug4tIi6ygdv,https://api.spotify.com/v1/tracks/63yD1pa1Ux5Ug4tIi6ygdv,https://api.spotify.com/v1/audio-analysis/63yD1pa1Ux5Ug4tIi6ygdv,164166,4
Lifestyle (feat. Adam Levine),0.749,0.674,10,-5.128,0,0.0366,0.0209,0,0.169,0.711,123.055,audio_features,0osvOdeD3YXZiWkT8MKolJ,spotify:track:0osvOdeD3YXZiWkT8MKolJ,https://api.spotify.com/v1/tracks/0osvOdeD3YXZiWkT8MKolJ,https://api.spotify.com/v1/audio-analysis/0osvOdeD3YXZiWkT8MKolJ,153865,4
Close to You (feat. PollyAnna),0.572,0.904,0,-3.814,1,0.042,0.0167,0.00252,0.31,0.374,150.086,audio_features,4gEC7He07d6cuzkQ7MSobQ,spotify:track:4gEC7He07d6cuzkQ7MSobQ,https://api.spotify.com/v1/tracks/4gEC7He07d6cuzkQ7MSobQ,https://api.spotify.com/v1/audio-analysis/4gEC7He07d6cuzkQ7MSobQ,190400,4
donna che sogna,0.754,0.0831,6,-19.259,1,0.0781,0.366,0.22,0.113,0.67,138.041,audio_features,6BpvKevlFTXJfdr6LwPxv0,spotify:track:6BpvKevlFTXJfdr6LwPxv0,https://api.spotify.com/v1/tracks/6BpvKevlFTXJfdr6LwPxv0,https://api.spotify.com/v1/audio-analysis/6BpvKevlFTXJfdr6LwPxv0,111304,4
Faygo Dreams,0.748,0.66,6,-4.704,1,0.0487,0.224,0.053,0.101,0.328,137.033,audio_features,2BoeDIEzoS9diuyaqqVaDh,spotify:track:2BoeDIEzoS9diuyaqqVaDh,https://api.spotify.com/v1/tracks/2BoeDIEzoS9diuyaqqVaDh,https://api.spotify.com/v1/audio-analysis/2BoeDIEzoS9diuyaqqVaDh,171907,4
You Go Down Smooth,0.314,0.787,4,-4.838,1,0.0771,0.0712,2.25e-5,0.16,0.294,189.901,audio_features,65EVlEBJkMJCskhQwUUGew,spotify:track:65EVlEBJkMJCskhQwUUGew,https://api.spotify.com/v1/tracks/65EVlEBJkMJCskhQwUUGew,https://api.spotify.com/v1/audio-analysis/65EVlEBJkMJCskhQwUUGew,209400,4
Miss YOU!,0.792,0.829,2,-6.612,1,0.256,0.00103,0.0755,0.582,0.17,93.044,audio_features,3pXVmZh293nWtqxildz9jf,spotify:track:3pXVmZh293nWtqxildz9jf,https://api.spotify.com/v1/tracks/3pXVmZh293nWtqxildz9jf,https://api.spotify.com/v1/audio-analysis/3pXVmZh293nWtqxildz9jf,92856,4
Never Satisfied,0.561,0.964,1,-6.593,1,0.522,0.0118,3.78e-6,0.875,0.452,160.088,audio_features,04bEhujOxzNrXeideMtFuR,spotify:track:04bEhujOxzNrXeideMtFuR,https://api.spotify.com/v1/tracks/04bEhujOxzNrXeideMtFuR,https://api.spotify.com/v1/audio-analysis/04bEhujOxzNrXeideMtFuR,119432,4
