track.name,danceability,energy,key,loudness,mode,speechiness,acousticness,instrumentalness,liveness,valence,tempo,type,id,uri,track_href,analysis_url,duration_ms,time_signature,name
Als ich ein Kind war,0.948,0.306,9,-11.223,0,0.0594,0.375,0.296,0.188,0.78,118.983,audio_features,57w8ngBt0dIqRDiIHY5j46,spotify:track:57w8ngBt0dIqRDiIHY5j46,https://api.spotify.com/v1/tracks/57w8ngBt0dIqRDiIHY5j46,https://api.spotify.com/v1/audio-analysis/57w8ngBt0dIqRDiIHY5j46,273213,4,sam
vampire,0.511,0.532,5,-5.745,1,0.0578,0.177,0,0.291,0.35,138.005,audio_features,1kuGVB7EU95pJObxwvfwKS,spotify:track:1kuGVB7EU95pJObxwvfwKS,https://api.spotify.com/v1/tracks/1kuGVB7EU95pJObxwvfwKS,https://api.spotify.com/v1/audio-analysis/1kuGVB7EU95pJObxwvfwKS,219724,4,sam
Difyrrwch,0.705,0.578,11,-10.533,0,0.0333,0.184,0.941,0.0428,0.814,113.013,audio_features,5DcGeiKio3V6AUZpS44zpC,spotify:track:5DcGeiKio3V6AUZpS44zpC,https://api.spotify.com/v1/tracks/5DcGeiKio3V6AUZpS44zpC,https://api.spotify.com/v1/audio-analysis/5DcGeiKio3V6AUZpS44zpC,181947,4,sam
Gloria,0.797,0.527,3,-7.985,1,0.0367,0.38,0,0.125,0.358,104.949,audio_features,7zcIOgWwyrlqqaR8U8QBg7,spotify:track:7zcIOgWwyrlqqaR8U8QBg7,https://api.spotify.com/v1/tracks/7zcIOgWwyrlqqaR8U8QBg7,https://api.spotify.com/v1/audio-analysis/7zcIOgWwyrlqqaR8U8QBg7,292307,4,sam
Libanus,0.378,0.514,10,-14.042,0,0.0872,0.00527,0.912,0.127,0.226,118.581,audio_features,6XpuIm3ZSksg7ttJXkSLic,spotify:track:6XpuIm3ZSksg7ttJXkSLic,https://api.spotify.com/v1/tracks/6XpuIm3ZSksg7ttJXkSLic,https://api.spotify.com/v1/audio-analysis/6XpuIm3ZSksg7ttJXkSLic,201373,4,sam
Give Myself to You,0.791,0.533,9,-6.033,1,0.0339,0.24,7.72e-6,0.0737,0.499,109.022,audio_features,6SbMrnAWXq9A0BAdhdKdCp,spotify:track:6SbMrnAWXq9A0BAdhdKdCp,https://api.spotify.com/v1/tracks/6SbMrnAWXq9A0BAdhdKdCp,https://api.spotify.com/v1/audio-analysis/6SbMrnAWXq9A0BAdhdKdCp,219055,4,sam
Tänäänkään Ei Satanut,0.607,0.533,7,-8.545,1,0.0361,0.363,0.159,0.108,0.495,103.17,audio_features,0oYkiLwUqW0s6NjG5ON2aZ,spotify:track:0oYkiLwUqW0s6NjG5ON2aZ,https://api.spotify.com/v1/tracks/0oYkiLwUqW0s6NjG5ON2aZ,https://api.spotify.com/v1/audio-analysis/0oYkiLwUqW0s6NjG5ON2aZ,144382,4,sam
"Gerudo Valley - From ""The Legend of Zelda: Ocarina of Time""",0.371,0.481,7,-13.303,1,0.0377,0.89,0.909,0.115,0.425,76.174,audio_features,3ZXZgCkwnNHcIcd296C26o,spotify:track:3ZXZgCkwnNHcIcd296C26o,https://api.spotify.com/v1/tracks/3ZXZgCkwnNHcIcd296C26o,https://api.spotify.com/v1/audio-analysis/3ZXZgCkwnNHcIcd296C26o,214176,4,sam
Sigrid och småfolket,0.348,0.381,2,-12.141,1,0.0407,0.844,0.261,0.118,0.286,118.669,audio_features,0u2aIlu4bCWQ1ek6aevGku,spotify:track:0u2aIlu4bCWQ1ek6aevGku,https://api.spotify.com/v1/tracks/0u2aIlu4bCWQ1ek6aevGku,https://api.spotify.com/v1/audio-analysis/0u2aIlu4bCWQ1ek6aevGku,357947,4,sam
We Are Still Here!,0.65,0.533,4,-7.44,0,0.0445,0.536,1.49e-4,0.321,0.752,166.992,audio_features,1q02JO1zluqjvK8lzr0uq7,spotify:track:1q02JO1zluqjvK8lzr0uq7,https://api.spotify.com/v1/tracks/1q02JO1zluqjvK8lzr0uq7,https://api.spotify.com/v1/audio-analysis/1q02JO1zluqjvK8lzr0uq7,207440,4,sam
Tu peux pas savoir,0.784,0.396,4,-14.531,0,0.0309,0.623,0.266,0.102,0.584,106.023,audio_features,3nmEBj2PE0zxJyXzvVNyhD,spotify:track:3nmEBj2PE0zxJyXzvVNyhD,https://api.spotify.com/v1/tracks/3nmEBj2PE0zxJyXzvVNyhD,https://api.spotify.com/v1/audio-analysis/3nmEBj2PE0zxJyXzvVNyhD,195320,4,sam
September,0.591,0.333,8,-10.828,1,0.0434,0.901,8.78e-4,0.129,0.504,139.833,audio_features,0xahPNJVFHGMEFxu9kergk,spotify:track:0xahPNJVFHGMEFxu9kergk,https://api.spotify.com/v1/tracks/0xahPNJVFHGMEFxu9kergk,https://api.spotify.com/v1/audio-analysis/0xahPNJVFHGMEFxu9kergk,189681,3,sam
roquentin,0.473,0.411,8,-9.935,1,0.033,0.385,0.0208,0.125,0.292,110.207,audio_features,5cEBzcOsfe9scf49wbyjy6,spotify:track:5cEBzcOsfe9scf49wbyjy6,https://api.spotify.com/v1/tracks/5cEBzcOsfe9scf49wbyjy6,https://api.spotify.com/v1/audio-analysis/5cEBzcOsfe9scf49wbyjy6,299261,4,sam
sprouts,0.611,0.672,0,-8.644,1,0.0354,0.048,4.29e-5,0.558,0.381,136,audio_features,2aSgeURCk29usPMWbKJi9k,spotify:track:2aSgeURCk29usPMWbKJi9k,https://api.spotify.com/v1/tracks/2aSgeURCk29usPMWbKJi9k,https://api.spotify.com/v1/audio-analysis/2aSgeURCk29usPMWbKJi9k,158824,4,sam
Overthinker,0.328,0.205,2,-9.556,0,0.0309,0.348,0.2,0.329,0.328,105.066,audio_features,6AkSApeiuEOeYuHufH2a7C,spotify:track:6AkSApeiuEOeYuHufH2a7C,https://api.spotify.com/v1/tracks/6AkSApeiuEOeYuHufH2a7C,https://api.spotify.com/v1/audio-analysis/6AkSApeiuEOeYuHufH2a7C,218350,5,sam
Rush,0.742,0.839,5,-7.614,0,0.0618,0.00306,4.2e-5,0.106,0.346,126.03,audio_features,3xIMkM5LgbVDkpO74O3Np3,spotify:track:3xIMkM5LgbVDkpO74O3Np3,https://api.spotify.com/v1/tracks/3xIMkM5LgbVDkpO74O3Np3,https://api.spotify.com/v1/audio-analysis/3xIMkM5LgbVDkpO74O3Np3,156391,4,sam
"Cello Suite in D Minor, Op. 131c, No. 2: III. Largo",0.13,0.109,5,-19.479,1,0.0497,0.986,0.724,0.11,0.039,173.697,audio_features,0iLSNSb6iNxtsHekJvCIQn,spotify:track:0iLSNSb6iNxtsHekJvCIQn,https://api.spotify.com/v1/tracks/0iLSNSb6iNxtsHekJvCIQn,https://api.spotify.com/v1/audio-analysis/0iLSNSb6iNxtsHekJvCIQn,302773,5,sam
"Suite No. 1 pour Violoncelle, B. 99: I. Prélude",0.177,0.00741,1,-31.058,1,0.0491,0.956,0.729,0.0889,0.0511,93.552,audio_features,1qEeeXcNY7WfADAMaBDO8p,spotify:track:1qEeeXcNY7WfADAMaBDO8p,https://api.spotify.com/v1/tracks/1qEeeXcNY7WfADAMaBDO8p,https://api.spotify.com/v1/audio-analysis/1qEeeXcNY7WfADAMaBDO8p,189573,4,sam
Counting Stacks,0.621,0.668,1,-6.769,1,0.192,0.207,0.608,0.0633,0.956,149.395,audio_features,2F1inqdafKmL1ouqcktms8,spotify:track:2F1inqdafKmL1ouqcktms8,https://api.spotify.com/v1/tracks/2F1inqdafKmL1ouqcktms8,https://api.spotify.com/v1/audio-analysis/2F1inqdafKmL1ouqcktms8,335930,4,sam
Västanberg,0.391,0.753,7,-5.67,0,0.0448,0.543,0.0442,0.297,0.61,102.526,audio_features,5y12KD8jBz0yS4S6Ezg7xw,spotify:track:5y12KD8jBz0yS4S6Ezg7xw,https://api.spotify.com/v1/tracks/5y12KD8jBz0yS4S6Ezg7xw,https://api.spotify.com/v1/audio-analysis/5y12KD8jBz0yS4S6Ezg7xw,265692,3,sam
"Cello Concerto, Op. 22: II. Andante sostenuto",0.118,0.0338,9,-28.578,1,0.0464,0.889,0.792,0.0928,0.035,89.508,audio_features,51APah363nO4Fe2xRWTpro,spotify:track:51APah363nO4Fe2xRWTpro,https://api.spotify.com/v1/tracks/51APah363nO4Fe2xRWTpro,https://api.spotify.com/v1/audio-analysis/51APah363nO4Fe2xRWTpro,387453,3,sam
"Cello Sonata in C Major, Op. 119: I. Andante grave",0.122,0.019,0,-30.198,1,0.0453,0.981,0.915,0.0936,0.0553,66.071,audio_features,5R9ynXb10ohuNWCKDH4PbX,spotify:track:5R9ynXb10ohuNWCKDH4PbX,https://api.spotify.com/v1/tracks/5R9ynXb10ohuNWCKDH4PbX,https://api.spotify.com/v1/audio-analysis/5R9ynXb10ohuNWCKDH4PbX,738000,4,sam
"Cello Solo Sonata in C-Sharp Minor, Op. 134",0.323,0.154,7,-14.267,1,0.0352,0.976,0.787,0.108,0.36,103.888,audio_features,65XJ5TyuXSzRI2VEzKC3hP,spotify:track:65XJ5TyuXSzRI2VEzKC3hP,https://api.spotify.com/v1/tracks/65XJ5TyuXSzRI2VEzKC3hP,https://api.spotify.com/v1/audio-analysis/65XJ5TyuXSzRI2VEzKC3hP,479078,3,sam
"Adagio and Allegro in A Flat Major, Op. 70: I. Langsam, mit innigem Ausdruck",0.147,0.00978,8,-29.588,1,0.0404,0.994,0.915,0.109,0.0474,84.478,audio_features,7a2DMKOBKCd72NOYRsvfTL,spotify:track:7a2DMKOBKCd72NOYRsvfTL,https://api.spotify.com/v1/tracks/7a2DMKOBKCd72NOYRsvfTL,https://api.spotify.com/v1/audio-analysis/7a2DMKOBKCd72NOYRsvfTL,257000,3,sam
"Schumann: Cello Concerto in A Minor, Op. 129: II. Langsam (Live)",0.197,0.0284,5,-27.474,1,0.0488,0.98,0.871,0.129,0.0391,82.731,audio_features,1KpJAkx3pSMTJNSmwRIbdp,spotify:track:1KpJAkx3pSMTJNSmwRIbdp,https://api.spotify.com/v1/tracks/1KpJAkx3pSMTJNSmwRIbdp,https://api.spotify.com/v1/audio-analysis/1KpJAkx3pSMTJNSmwRIbdp,245080,4,sam
Lunar Eclipse,0.729,0.674,4,-7.573,0,0.0527,0.272,3.43e-4,0.0516,0.945,115.978,audio_features,5LeKKDF7i65mQ3NIW8mkwP,spotify:track:5LeKKDF7i65mQ3NIW8mkwP,https://api.spotify.com/v1/tracks/5LeKKDF7i65mQ3NIW8mkwP,https://api.spotify.com/v1/audio-analysis/5LeKKDF7i65mQ3NIW8mkwP,194499,4,sam
"Nails, Hair, Hips, Heels",0.934,0.611,1,-8.688,1,0.133,0.339,6.57e-6,0.0853,0.782,126.012,audio_features,3gWIY6WqA34ZRy8QVjTq5v,spotify:track:3gWIY6WqA34ZRy8QVjTq5v,https://api.spotify.com/v1/tracks/3gWIY6WqA34ZRy8QVjTq5v,https://api.spotify.com/v1/audio-analysis/3gWIY6WqA34ZRy8QVjTq5v,236190,4,sam
She’s Just a Friend,0.52,0.823,1,-4.468,1,0.0563,0.0327,1.65e-4,0.0967,0.521,150.154,audio_features,7tKJLn5L2wqF35WpXrFnUT,spotify:track:7tKJLn5L2wqF35WpXrFnUT,https://api.spotify.com/v1/tracks/7tKJLn5L2wqF35WpXrFnUT,https://api.spotify.com/v1/audio-analysis/7tKJLn5L2wqF35WpXrFnUT,252586,4,sam
Not Strong Enough,0.508,0.797,1,-5.854,1,0.0411,0.00261,7.56e-6,0.0916,0.361,126.982,audio_features,09DR0sHnQUhHOiSNttc1mv,spotify:track:09DR0sHnQUhHOiSNttc1mv,https://api.spotify.com/v1/tracks/09DR0sHnQUhHOiSNttc1mv,https://api.spotify.com/v1/audio-analysis/09DR0sHnQUhHOiSNttc1mv,234933,4,sam
"Suite in G Major, RCT 6: No. 14, Les sauvages - Arr. for Solo Cello - Nouvelles suites de pièces de clavecin",0.409,0.272,6,-16.927,0,0.0389,0.942,0.892,0.0797,0.418,85.112,audio_features,3OSBkT1q8dSQR7q5xJlR2p,spotify:track:3OSBkT1q8dSQR7q5xJlR2p,https://api.spotify.com/v1/tracks/3OSBkT1q8dSQR7q5xJlR2p,https://api.spotify.com/v1/audio-analysis/3OSBkT1q8dSQR7q5xJlR2p,146960,4,sam
Charlotte's Daydream,0.359,0.135,5,-19.278,0,0.0346,0.966,0.943,0.111,0.148,133.183,audio_features,2XaImCTgc6XB9iikV6AdnI,spotify:track:2XaImCTgc6XB9iikV6AdnI,https://api.spotify.com/v1/tracks/2XaImCTgc6XB9iikV6AdnI,https://api.spotify.com/v1/audio-analysis/2XaImCTgc6XB9iikV6AdnI,114240,4,sam
Je ne me consolerai jamais,0.158,0.0291,4,-22.658,0,0.0481,0.974,0.893,0.0989,0.0376,84.435,audio_features,54QwBXgWIh02G4b7nmzcrb,spotify:track:54QwBXgWIh02G4b7nmzcrb,https://api.spotify.com/v1/tracks/54QwBXgWIh02G4b7nmzcrb,https://api.spotify.com/v1/audio-analysis/54QwBXgWIh02G4b7nmzcrb,81200,4,sam
"Lover, You Should've Come Over",0.387,0.595,2,-5.67,1,0.0389,0.361,1.1e-5,0.174,0.151,119.38,audio_features,6Jv7kjGkhY2fT4yuBF3aTz,spotify:track:6Jv7kjGkhY2fT4yuBF3aTz,https://api.spotify.com/v1/tracks/6Jv7kjGkhY2fT4yuBF3aTz,https://api.spotify.com/v1/audio-analysis/6Jv7kjGkhY2fT4yuBF3aTz,404213,3,sam
Es geht mir gut,0.639,0.689,2,-6.469,0,0.0325,0.0405,3.23e-4,0.284,0.94,114.452,audio_features,2pyIlLXXcTLfx92JXOzOAN,spotify:track:2pyIlLXXcTLfx92JXOzOAN,https://api.spotify.com/v1/tracks/2pyIlLXXcTLfx92JXOzOAN,https://api.spotify.com/v1/audio-analysis/2pyIlLXXcTLfx92JXOzOAN,161199,4,sam
Toxic,0.707,0.439,7,-8.86,1,0.0316,0.555,0.0681,0.143,0.521,102.006,audio_features,4X1qDzQdpuxN6UOkaq6UXi,spotify:track:4X1qDzQdpuxN6UOkaq6UXi,https://api.spotify.com/v1/tracks/4X1qDzQdpuxN6UOkaq6UXi,https://api.spotify.com/v1/audio-analysis/4X1qDzQdpuxN6UOkaq6UXi,269953,4,sam
Du bist anders,0.692,0.542,10,-7.681,1,0.0266,0.212,3.56e-6,0.0942,0.367,105.012,audio_features,1FuB3SlcjgU3KAyDwUwB6r,spotify:track:1FuB3SlcjgU3KAyDwUwB6r,https://api.spotify.com/v1/tracks/1FuB3SlcjgU3KAyDwUwB6r,https://api.spotify.com/v1/audio-analysis/1FuB3SlcjgU3KAyDwUwB6r,229018,4,sam
3 Tage am Meer,0.84,0.657,4,-5.001,1,0.054,0.227,0.00869,0.0889,0.573,108.972,audio_features,5NvwHfP4oKSMDzJrpfTIdo,spotify:track:5NvwHfP4oKSMDzJrpfTIdo,https://api.spotify.com/v1/tracks/5NvwHfP4oKSMDzJrpfTIdo,https://api.spotify.com/v1/audio-analysis/5NvwHfP4oKSMDzJrpfTIdo,198547,4,sam
Motion Sickness,0.651,0.546,1,-9.021,1,0.0357,0.774,0.0437,0.0842,0.623,107.021,audio_features,5xo8RrjJ9CVNrtRg2S3B1R,spotify:track:5xo8RrjJ9CVNrtRg2S3B1R,https://api.spotify.com/v1/tracks/5xo8RrjJ9CVNrtRg2S3B1R,https://api.spotify.com/v1/audio-analysis/5xo8RrjJ9CVNrtRg2S3B1R,229760,4,sam
Ignorance,0.522,0.964,11,-2.645,0,0.095,0.00109,3.89e-4,0.0387,0.51,170.944,audio_features,47No93LxERvV6MtOAmQzHS,spotify:track:47No93LxERvV6MtOAmQzHS,https://api.spotify.com/v1/tracks/47No93LxERvV6MtOAmQzHS,https://api.spotify.com/v1/audio-analysis/47No93LxERvV6MtOAmQzHS,218627,4,sam
Jesus He Knows Me,0.474,0.962,7,-4.716,1,0.0638,4.33e-5,3.08e-4,0.113,0.253,94.991,audio_features,1zd8h6ho3mlbhkZnADHVzP,spotify:track:1zd8h6ho3mlbhkZnADHVzP,https://api.spotify.com/v1/tracks/1zd8h6ho3mlbhkZnADHVzP,https://api.spotify.com/v1/audio-analysis/1zd8h6ho3mlbhkZnADHVzP,245240,4,sam
dopamine - Version Française,0.669,0.622,8,-8.359,0,0.0881,0.0997,0.0011,0.219,0.456,135.974,audio_features,4B6eD1nzrz6PNOLMgtT7VX,spotify:track:4B6eD1nzrz6PNOLMgtT7VX,https://api.spotify.com/v1/tracks/4B6eD1nzrz6PNOLMgtT7VX,https://api.spotify.com/v1/audio-analysis/4B6eD1nzrz6PNOLMgtT7VX,165462,4,sam
Barfuß am Klavier,0.52,0.27,0,-11.575,1,0.029,0.885,0.0231,0.117,0.213,103.211,audio_features,4kr64ggr6ALZGxnkGdhK7b,spotify:track:4kr64ggr6ALZGxnkGdhK7b,https://api.spotify.com/v1/tracks/4kr64ggr6ALZGxnkGdhK7b,https://api.spotify.com/v1/audio-analysis/4kr64ggr6ALZGxnkGdhK7b,195372,4,sam
Tom's Diner,0.68,0.428,6,-8.107,0,0.135,0.376,3.44e-4,0.355,0.334,98.222,audio_features,0oA9wBGDY4uyILLg4GymWP,spotify:track:0oA9wBGDY4uyILLg4GymWP,https://api.spotify.com/v1/tracks/0oA9wBGDY4uyILLg4GymWP,https://api.spotify.com/v1/audio-analysis/0oA9wBGDY4uyILLg4GymWP,269333,4,sam
Du tust mir nie mehr weh,0.736,0.501,10,-6.594,0,0.0999,0.544,6.42e-4,0.133,0.622,99.38,audio_features,2XleePXiZOxwVUizlGdy9D,spotify:track:2XleePXiZOxwVUizlGdy9D,https://api.spotify.com/v1/tracks/2XleePXiZOxwVUizlGdy9D,https://api.spotify.com/v1/audio-analysis/2XleePXiZOxwVUizlGdy9D,178547,4,sam
Romantic Homicide,0.571,0.544,6,-10.613,1,0.0299,0.453,0.00805,0.322,0.216,132.052,audio_features,1xK59OXxi2TAAAbmZK0kBL,spotify:track:1xK59OXxi2TAAAbmZK0kBL,https://api.spotify.com/v1/tracks/1xK59OXxi2TAAAbmZK0kBL,https://api.spotify.com/v1/audio-analysis/1xK59OXxi2TAAAbmZK0kBL,132631,4,sam
Ich geh heut nicht mehr tanzen,0.508,0.484,5,-8.807,0,0.0401,0.782,0.00406,0.0793,0.827,120.484,audio_features,13Fo5bvBmmDDaMGtLlAqB5,spotify:track:13Fo5bvBmmDDaMGtLlAqB5,https://api.spotify.com/v1/tracks/13Fo5bvBmmDDaMGtLlAqB5,https://api.spotify.com/v1/audio-analysis/13Fo5bvBmmDDaMGtLlAqB5,272190,4,sam
Vielleicht Vielleicht,0.563,0.568,5,-6.737,1,0.0477,0.278,0,0.157,0.689,178.057,audio_features,17lu3VOOdnuf6fvtj6TDL5,spotify:track:17lu3VOOdnuf6fvtj6TDL5,https://api.spotify.com/v1/tracks/17lu3VOOdnuf6fvtj6TDL5,https://api.spotify.com/v1/audio-analysis/17lu3VOOdnuf6fvtj6TDL5,207752,4,sam
Eleanor Rigby,0.32,0.243,4,-10.957,0,0.032,0.701,0.00258,0.147,0.209,129.265,audio_features,0Dza4b9cnbssw47fu5rfVX,spotify:track:0Dza4b9cnbssw47fu5rfVX,https://api.spotify.com/v1/tracks/0Dza4b9cnbssw47fu5rfVX,https://api.spotify.com/v1/audio-analysis/0Dza4b9cnbssw47fu5rfVX,280480,4,sam
House We Share,0.781,0.36,6,-10.182,1,0.0419,0.0719,0,0.119,0.571,99.906,audio_features,7jrmivOL6T6uIv4Fd0eU8o,spotify:track:7jrmivOL6T6uIv4Fd0eU8o,https://api.spotify.com/v1/tracks/7jrmivOL6T6uIv4Fd0eU8o,https://api.spotify.com/v1/audio-analysis/7jrmivOL6T6uIv4Fd0eU8o,167453,4,sam
Nobody,0.411,0.702,7,-7.085,0,0.04,9.42e-4,5.2e-6,0.298,0.214,74.965,audio_features,4tjTsxTBcacHcx0AvWERLE,spotify:track:4tjTsxTBcacHcx0AvWERLE,https://api.spotify.com/v1/tracks/4tjTsxTBcacHcx0AvWERLE,https://api.spotify.com/v1/audio-analysis/4tjTsxTBcacHcx0AvWERLE,353947,4,sam
Poor George,0.724,0.48,2,-9.36,1,0.0312,0.00437,1.53e-4,0.105,0.466,110.013,audio_features,4BxLKXQPlkmGwlZi064LH8,spotify:track:4BxLKXQPlkmGwlZi064LH8,https://api.spotify.com/v1/tracks/4BxLKXQPlkmGwlZi064LH8,https://api.spotify.com/v1/audio-analysis/4BxLKXQPlkmGwlZi064LH8,281456,4,sam
Acid Mountain,0.545,0.824,5,-5.228,1,0.0393,2.31e-4,0.107,0.0555,0.687,132.066,audio_features,3prlbHPeEgLmUihLu5twTc,spotify:track:3prlbHPeEgLmUihLu5twTc,https://api.spotify.com/v1/tracks/3prlbHPeEgLmUihLu5twTc,https://api.spotify.com/v1/audio-analysis/3prlbHPeEgLmUihLu5twTc,195673,4,sam
Lying to Myself,0.605,0.784,9,-5.459,0,0.0425,0.207,0,0.074,0.597,122.933,audio_features,509OiuJE6dMYeJytk3ub91,spotify:track:509OiuJE6dMYeJytk3ub91,https://api.spotify.com/v1/tracks/509OiuJE6dMYeJytk3ub91,https://api.spotify.com/v1/audio-analysis/509OiuJE6dMYeJytk3ub91,240297,4,sam
Où va le monde,0.455,0.836,9,-6.536,0,0.0435,0.497,5.22e-4,0.296,0.555,151.978,audio_features,6M2ZYgZ2cdu5oCHGI8wamV,spotify:track:6M2ZYgZ2cdu5oCHGI8wamV,https://api.spotify.com/v1/tracks/6M2ZYgZ2cdu5oCHGI8wamV,https://api.spotify.com/v1/audio-analysis/6M2ZYgZ2cdu5oCHGI8wamV,337867,4,sam
Concerto For Violoncello And Strings: II. (Longing),0.142,0.15,5,-19.231,1,0.0428,0.952,0.869,0.115,0.0336,85.391,audio_features,4lcsjdsF25XBmr6rdckHUM,spotify:track:4lcsjdsF25XBmr6rdckHUM,https://api.spotify.com/v1/tracks/4lcsjdsF25XBmr6rdckHUM,https://api.spotify.com/v1/audio-analysis/4lcsjdsF25XBmr6rdckHUM,522440,4,sam
Melatonin,0.766,0.761,7,-5.911,1,0.0343,0.0302,0,0.397,0.7,122.997,audio_features,78qZUli3UnRutxWPgnJIuu,spotify:track:78qZUli3UnRutxWPgnJIuu,https://api.spotify.com/v1/tracks/78qZUli3UnRutxWPgnJIuu,https://api.spotify.com/v1/audio-analysis/78qZUli3UnRutxWPgnJIuu,189210,4,sam
Kill the Sun,0.499,0.786,7,-6.03,1,0.0574,0.0938,0,0.259,0.422,97.014,audio_features,34uXlhi3eN9jpO95CgeV0o,spotify:track:34uXlhi3eN9jpO95CgeV0o,https://api.spotify.com/v1/tracks/34uXlhi3eN9jpO95CgeV0o,https://api.spotify.com/v1/audio-analysis/34uXlhi3eN9jpO95CgeV0o,208773,4,sam
Idle Worship,0.695,0.827,3,-4.202,1,0.0488,0.00499,3.14e-6,0.225,0.762,121.05,audio_features,50zSoW3GT1Ee4hXxQPO08t,spotify:track:50zSoW3GT1Ee4hXxQPO08t,https://api.spotify.com/v1/tracks/50zSoW3GT1Ee4hXxQPO08t,https://api.spotify.com/v1/audio-analysis/50zSoW3GT1Ee4hXxQPO08t,198413,4,sam
Home Sweet Home,0.162,0.116,10,-16.099,1,0.0333,0.986,0.943,0.0972,0.137,169.64,audio_features,0AdFJPaUrUgs8EK6BZk9Iq,spotify:track:0AdFJPaUrUgs8EK6BZk9Iq,https://api.spotify.com/v1/tracks/0AdFJPaUrUgs8EK6BZk9Iq,https://api.spotify.com/v1/audio-analysis/0AdFJPaUrUgs8EK6BZk9Iq,153493,4,sam
"Soldier, Poet, King",0.347,0.758,8,-7.753,1,0.0706,0.031,6.59e-4,0.109,0.484,117.959,audio_features,3xtiXNDbSKxy20I7D6vFUg,spotify:track:3xtiXNDbSKxy20I7D6vFUg,https://api.spotify.com/v1/tracks/3xtiXNDbSKxy20I7D6vFUg,https://api.spotify.com/v1/audio-analysis/3xtiXNDbSKxy20I7D6vFUg,165674,4,sam
Mary On A Cross,0.466,0.9,11,-4.469,1,0.0447,2.35e-4,0.00104,0.103,0.561,130.02,audio_features,2HZLXBOnaSRhXStMLrq9fD,spotify:track:2HZLXBOnaSRhXStMLrq9fD,https://api.spotify.com/v1/tracks/2HZLXBOnaSRhXStMLrq9fD,https://api.spotify.com/v1/audio-analysis/2HZLXBOnaSRhXStMLrq9fD,244804,4,sam
Carnivore,0.626,0.729,8,-6.696,1,0.0239,0.0122,1.37e-6,0.101,0.732,105.02,audio_features,2MuhEFdNLC5Ig3CqaQ2s5H,spotify:track:2MuhEFdNLC5Ig3CqaQ2s5H,https://api.spotify.com/v1/tracks/2MuhEFdNLC5Ig3CqaQ2s5H,https://api.spotify.com/v1/audio-analysis/2MuhEFdNLC5Ig3CqaQ2s5H,242700,4,sam
Bittersweetheart,0.501,0.967,0,-3.71,1,0.127,0.0013,0,0.0769,0.406,149.402,audio_features,3jRO0aq0INwYE6qhNxFoyO,spotify:track:3jRO0aq0INwYE6qhNxFoyO,https://api.spotify.com/v1/tracks/3jRO0aq0INwYE6qhNxFoyO,https://api.spotify.com/v1/audio-analysis/3jRO0aq0INwYE6qhNxFoyO,201960,4,sam
Bad To The Bone,0.395,0.894,11,-4.999,0,0.0925,0.00289,0.00954,0.055,0.555,180.049,audio_features,3QV7AGzCHr2TX3MmILEvTo,spotify:track:3QV7AGzCHr2TX3MmILEvTo,https://api.spotify.com/v1/tracks/3QV7AGzCHr2TX3MmILEvTo,https://api.spotify.com/v1/audio-analysis/3QV7AGzCHr2TX3MmILEvTo,201053,4,sam
Gypsy Woman,0.502,0.899,5,-3.054,0,0.0429,9.33e-4,0,0.0738,0.731,153.066,audio_features,1bWcPJJkxUijSo111CKjHv,spotify:track:1bWcPJJkxUijSo111CKjHv,https://api.spotify.com/v1/tracks/1bWcPJJkxUijSo111CKjHv,https://api.spotify.com/v1/audio-analysis/1bWcPJJkxUijSo111CKjHv,189227,4,sam
Delirium Tremendous,0.812,0.563,9,-7.476,0,0.0614,0.00265,0,0.113,0.964,132.998,audio_features,0wffwRViqvZPRIgAfw1Oab,spotify:track:0wffwRViqvZPRIgAfw1Oab,https://api.spotify.com/v1/tracks/0wffwRViqvZPRIgAfw1Oab,https://api.spotify.com/v1/audio-analysis/0wffwRViqvZPRIgAfw1Oab,185842,4,sam
Darkside,0.425,0.642,4,-5.06,0,0.0502,0.164,0,0.118,0.112,170.008,audio_features,1snWlbcbgQpJfknoI30DWG,spotify:track:1snWlbcbgQpJfknoI30DWG,https://api.spotify.com/v1/tracks/1snWlbcbgQpJfknoI30DWG,https://api.spotify.com/v1/audio-analysis/1snWlbcbgQpJfknoI30DWG,211867,4,sam
Hell's Comin' with Me,0.581,0.619,4,-7.691,0,0.0383,0.395,5.34e-6,0.197,0.533,129.879,audio_features,0cPvRrV9PBBHVfHoGBlFdO,spotify:track:0cPvRrV9PBBHVfHoGBlFdO,https://api.spotify.com/v1/tracks/0cPvRrV9PBBHVfHoGBlFdO,https://api.spotify.com/v1/audio-analysis/0cPvRrV9PBBHVfHoGBlFdO,212997,4,sam
Teenage Dream x Put Your Records On,0.895,0.309,10,-18.614,1,0.0911,0.936,0.966,0.0826,0.919,118.991,audio_features,4RBVWdDXchRIX4n3Fpnzvy,spotify:track:4RBVWdDXchRIX4n3Fpnzvy,https://api.spotify.com/v1/tracks/4RBVWdDXchRIX4n3Fpnzvy,https://api.spotify.com/v1/audio-analysis/4RBVWdDXchRIX4n3Fpnzvy,153277,4,sam
Mr. Redundant,0.837,0.308,0,-8.21,1,0.0482,0.783,0,0.0901,0.171,119.956,audio_features,2yPiN3T8Z0YE4uovhPyaB3,spotify:track:2yPiN3T8Z0YE4uovhPyaB3,https://api.spotify.com/v1/tracks/2yPiN3T8Z0YE4uovhPyaB3,https://api.spotify.com/v1/audio-analysis/2yPiN3T8Z0YE4uovhPyaB3,210417,4,sam
Kissaphobic,0.319,0.771,5,-3.095,1,0.0338,0.0229,0,0.222,0.34,197.992,audio_features,4Rnel0cmjX9BkWf4tUfvzd,spotify:track:4Rnel0cmjX9BkWf4tUfvzd,https://api.spotify.com/v1/tracks/4Rnel0cmjX9BkWf4tUfvzd,https://api.spotify.com/v1/audio-analysis/4Rnel0cmjX9BkWf4tUfvzd,231355,3,sam
Everybody Gets a Kitten,0.743,0.267,5,-14.508,1,0.0503,0.912,0,0.13,0.788,138.189,audio_features,0KqkvndwyntwCXQ19aVNCt,spotify:track:0KqkvndwyntwCXQ19aVNCt,https://api.spotify.com/v1/tracks/0KqkvndwyntwCXQ19aVNCt,https://api.spotify.com/v1/audio-analysis/0KqkvndwyntwCXQ19aVNCt,119547,4,sam
Still Though We Should Dance,0.68,0.505,4,-8.215,1,0.0391,0.226,2.95e-5,0.0719,0.528,92.985,audio_features,3hkDTkdvLLZ0V6IaAUraps,spotify:track:3hkDTkdvLLZ0V6IaAUraps,https://api.spotify.com/v1/tracks/3hkDTkdvLLZ0V6IaAUraps,https://api.spotify.com/v1/audio-analysis/3hkDTkdvLLZ0V6IaAUraps,184000,4,sam
Southern Nights,0.697,0.813,11,-8.89,0,0.0315,0.0989,0.0232,0.583,0.85,95.301,audio_features,7kv7zBjMtVf0eIJle2VZxn,spotify:track:7kv7zBjMtVf0eIJle2VZxn,https://api.spotify.com/v1/tracks/7kv7zBjMtVf0eIJle2VZxn,https://api.spotify.com/v1/audio-analysis/7kv7zBjMtVf0eIJle2VZxn,180027,4,sam
Unseen Girl,0.663,0.852,10,-7.365,1,0.0323,0.45,0.113,0.0957,0.784,137.943,audio_features,5QrGhLtDdc3524PdH2FeNQ,spotify:track:5QrGhLtDdc3524PdH2FeNQ,https://api.spotify.com/v1/tracks/5QrGhLtDdc3524PdH2FeNQ,https://api.spotify.com/v1/audio-analysis/5QrGhLtDdc3524PdH2FeNQ,198987,4,sam
Daffodil,0.637,0.668,9,-4.983,0,0.0365,0.025,2.93e-6,0.138,0.171,112.035,audio_features,3EIgAuegl9y3MKfYyNb8jS,spotify:track:3EIgAuegl9y3MKfYyNb8jS,https://api.spotify.com/v1/tracks/3EIgAuegl9y3MKfYyNb8jS,https://api.spotify.com/v1/audio-analysis/3EIgAuegl9y3MKfYyNb8jS,214046,4,sam
Gimme! Gimme! Gimme! (A Troll After Midnight),0.495,0.949,2,-5.052,0,0.155,0.00178,0.468,0.121,0.343,139.921,audio_features,18tifv6cHuru7dyKbrC3Iz,spotify:track:18tifv6cHuru7dyKbrC3Iz,https://api.spotify.com/v1/tracks/18tifv6cHuru7dyKbrC3Iz,https://api.spotify.com/v1/audio-analysis/18tifv6cHuru7dyKbrC3Iz,195893,4,sam
Dancing in the Moonlight,0.657,0.435,10,-15.707,1,0.0552,0.739,0,0.167,0.771,135.975,audio_features,0q21FNwES2bbtcduB6kjEU,spotify:track:0q21FNwES2bbtcduB6kjEU,https://api.spotify.com/v1/tracks/0q21FNwES2bbtcduB6kjEU,https://api.spotify.com/v1/audio-analysis/0q21FNwES2bbtcduB6kjEU,181133,4,sam
Don't Stop Me Now - Remastered 2011,0.563,0.865,5,-5.277,1,0.16,0.0472,1.91e-4,0.77,0.601,156.271,audio_features,7hQJA50XrCWABAu5v6QZ4i,spotify:track:7hQJA50XrCWABAu5v6QZ4i,https://api.spotify.com/v1/tracks/7hQJA50XrCWABAu5v6QZ4i,https://api.spotify.com/v1/audio-analysis/7hQJA50XrCWABAu5v6QZ4i,209413,4,sam
Marceline The Vampire,0.518,0.872,2,-4.413,1,0.039,0.00216,0.00552,0.152,0.578,127.914,audio_features,2p975L9RyQFC95S1cJimnk,spotify:track:2p975L9RyQFC95S1cJimnk,https://api.spotify.com/v1/tracks/2p975L9RyQFC95S1cJimnk,https://api.spotify.com/v1/audio-analysis/2p975L9RyQFC95S1cJimnk,175127,4,sam
Tasty Witch,0.791,0.514,9,-10.504,1,0.106,0.0685,0.821,0.071,0.219,140.013,audio_features,2HK16cdTYm5kaXLleKckkT,spotify:track:2HK16cdTYm5kaXLleKckkT,https://api.spotify.com/v1/tracks/2HK16cdTYm5kaXLleKckkT,https://api.spotify.com/v1/audio-analysis/2HK16cdTYm5kaXLleKckkT,264601,4,sam
Curses,0.363,0.716,11,-6.823,0,0.111,0.482,5.06e-6,0.0189,0.581,190.965,audio_features,7wjmdC4OL3l1nh9zQwCpv8,spotify:track:7wjmdC4OL3l1nh9zQwCpv8,https://api.spotify.com/v1/tracks/7wjmdC4OL3l1nh9zQwCpv8,https://api.spotify.com/v1/audio-analysis/7wjmdC4OL3l1nh9zQwCpv8,228853,4,sam
Keep You Safe,0.41,0.593,10,-9.451,1,0.0596,0.537,1.25e-4,0.125,0.381,124.141,audio_features,5etnwqUSERLA69NaV44mmL,spotify:track:5etnwqUSERLA69NaV44mmL,https://api.spotify.com/v1/tracks/5etnwqUSERLA69NaV44mmL,https://api.spotify.com/v1/audio-analysis/5etnwqUSERLA69NaV44mmL,251280,4,sam
My Love - Dave Glass Animals Remix,0.607,0.734,9,-5.687,0,0.0391,0.0047,0.0509,0.208,0.456,124.977,audio_features,5Y5Ygo55Uafu1K2KOqnTt4,spotify:track:5Y5Ygo55Uafu1K2KOqnTt4,https://api.spotify.com/v1/tracks/5Y5Ygo55Uafu1K2KOqnTt4,https://api.spotify.com/v1/audio-analysis/5Y5Ygo55Uafu1K2KOqnTt4,210758,4,sam
Blinding,0.514,0.786,0,-6.165,1,0.0396,0.12,0.0131,0.795,0.255,108.003,audio_features,20vmcxsZFCAnnCPHTyYGdr,spotify:track:20vmcxsZFCAnnCPHTyYGdr,https://api.spotify.com/v1/tracks/20vmcxsZFCAnnCPHTyYGdr,https://api.spotify.com/v1/audio-analysis/20vmcxsZFCAnnCPHTyYGdr,280067,4,sam
King,0.73,0.445,6,-8.376,0,0.0446,0.142,0.00109,0.107,0.075,105.976,audio_features,1VSngtLdJhrlfHkLxTyOXK,spotify:track:1VSngtLdJhrlfHkLxTyOXK,https://api.spotify.com/v1/tracks/1VSngtLdJhrlfHkLxTyOXK,https://api.spotify.com/v1/audio-analysis/1VSngtLdJhrlfHkLxTyOXK,280131,4,sam
A l'envers,0.608,0.643,1,-7.187,1,0.0816,0.417,0,0.12,0.307,101.801,audio_features,3SDC9yT0kh6563Tmq80lzo,spotify:track:3SDC9yT0kh6563Tmq80lzo,https://api.spotify.com/v1/tracks/3SDC9yT0kh6563Tmq80lzo,https://api.spotify.com/v1/audio-analysis/3SDC9yT0kh6563Tmq80lzo,194650,4,sam
On verra bien,0.648,0.719,8,-6.528,0,0.13,0.101,0,0.096,0.244,124.076,audio_features,6ea0CSG52aQxQZMs69511B,spotify:track:6ea0CSG52aQxQZMs69511B,https://api.spotify.com/v1/tracks/6ea0CSG52aQxQZMs69511B,https://api.spotify.com/v1/audio-analysis/6ea0CSG52aQxQZMs69511B,190374,4,sam
Turk in America,0.445,0.417,7,-9.706,0,0.0554,0.83,0.929,0.0995,0.582,153.745,audio_features,0nxO4ZfvszGDJ6GTR9flvM,spotify:track:0nxO4ZfvszGDJ6GTR9flvM,https://api.spotify.com/v1/tracks/0nxO4ZfvszGDJ6GTR9flvM,https://api.spotify.com/v1/audio-analysis/0nxO4ZfvszGDJ6GTR9flvM,227840,4,sam
Dark Circles,0.588,0.27,0,-13.486,0,0.0292,0.954,0.941,0.23,0.35,98.391,audio_features,1ibbsnG9QbLomFl9x9Awh9,spotify:track:1ibbsnG9QbLomFl9x9Awh9,https://api.spotify.com/v1/tracks/1ibbsnG9QbLomFl9x9Awh9,https://api.spotify.com/v1/audio-analysis/1ibbsnG9QbLomFl9x9Awh9,313240,3,sam
Drop the Guillotine,0.514,0.881,0,-6.52,1,0.0629,0.0381,9.55e-6,0.103,0.577,87.541,audio_features,1gpBDeONibvJyQYEv5HJh9,spotify:track:1gpBDeONibvJyQYEv5HJh9,https://api.spotify.com/v1/tracks/1gpBDeONibvJyQYEv5HJh9,https://api.spotify.com/v1/audio-analysis/1gpBDeONibvJyQYEv5HJh9,219960,4,sam
Big Iron,0.726,0.474,1,-7.834,0,0.0491,0.803,0,0.258,0.57,116.027,audio_features,0AQquaENerGps8BQmbPw14,spotify:track:0AQquaENerGps8BQmbPw14,https://api.spotify.com/v1/tracks/0AQquaENerGps8BQmbPw14,https://api.spotify.com/v1/audio-analysis/0AQquaENerGps8BQmbPw14,235733,4,sam
The Motherload,0.363,0.971,5,-2.974,0,0.0776,7.1e-6,0.00358,0.0797,0.347,146.018,audio_features,6EF0xhfKtQNqUPz2mnE5BD,spotify:track:6EF0xhfKtQNqUPz2mnE5BD,https://api.spotify.com/v1/tracks/6EF0xhfKtQNqUPz2mnE5BD,https://api.spotify.com/v1/audio-analysis/6EF0xhfKtQNqUPz2mnE5BD,299787,4,sam
DAYWALKER! (feat. CORPSE),0.632,0.922,7,-2.173,1,0.0794,0.00558,1.81e-5,0.0927,0.497,88.972,audio_features,2NnJpRXIlx35Vij3bPZO0h,spotify:track:2NnJpRXIlx35Vij3bPZO0h,https://api.spotify.com/v1/tracks/2NnJpRXIlx35Vij3bPZO0h,https://api.spotify.com/v1/audio-analysis/2NnJpRXIlx35Vij3bPZO0h,137747,4,sam
Ego Death,0.528,0.816,2,-4.49,0,0.0515,0.00949,0.685,0.0954,0.801,140.271,audio_features,0OAvi6B6MfqhCVRR2ElDun,spotify:track:0OAvi6B6MfqhCVRR2ElDun,https://api.spotify.com/v1/tracks/0OAvi6B6MfqhCVRR2ElDun,https://api.spotify.com/v1/audio-analysis/0OAvi6B6MfqhCVRR2ElDun,137848,4,sam
Colorado,0.79,0.744,9,-7.033,0,0.0294,0.287,9.34e-4,0.0909,0.798,123.984,audio_features,0eZmBWVC1HYayrP2fqQ7nu,spotify:track:0eZmBWVC1HYayrP2fqQ7nu,https://api.spotify.com/v1/tracks/0eZmBWVC1HYayrP2fqQ7nu,https://api.spotify.com/v1/audio-analysis/0eZmBWVC1HYayrP2fqQ7nu,174348,4,sam
Calimero,0.606,0.0431,3,-22.694,1,0.0441,0.832,0.0125,0.164,0.891,88.905,audio_features,1d9DcVuAzvFsBMGhMcwNyO,spotify:track:1d9DcVuAzvFsBMGhMcwNyO,https://api.spotify.com/v1/tracks/1d9DcVuAzvFsBMGhMcwNyO,https://api.spotify.com/v1/audio-analysis/1d9DcVuAzvFsBMGhMcwNyO,180627,3,sam
Space Ghost Coast To Coast,0.903,0.529,8,-9.901,1,0.0623,0.105,0.00255,0.138,0.353,100.977,audio_features,0RZLmpEzGR2NHite6rvS5H,spotify:track:0RZLmpEzGR2NHite6rvS5H,https://api.spotify.com/v1/tracks/0RZLmpEzGR2NHite6rvS5H,https://api.spotify.com/v1/audio-analysis/0RZLmpEzGR2NHite6rvS5H,187384,4,sam
Mx. Sinister,0.512,0.808,2,-4.069,0,0.0419,0.00756,0,0.346,0.315,133.988,audio_features,1hYXuCb1EMgwfl3QHUeTfM,spotify:track:1hYXuCb1EMgwfl3QHUeTfM,https://api.spotify.com/v1/tracks/1hYXuCb1EMgwfl3QHUeTfM,https://api.spotify.com/v1/audio-analysis/1hYXuCb1EMgwfl3QHUeTfM,179956,4,sam
Lights Go Down,0.658,0.769,4,-4.979,0,0.0375,0.0313,4.98e-4,0.11,0.533,120.016,audio_features,65tYIwsRsyROJ5q9uOpvFW,spotify:track:65tYIwsRsyROJ5q9uOpvFW,https://api.spotify.com/v1/tracks/65tYIwsRsyROJ5q9uOpvFW,https://api.spotify.com/v1/audio-analysis/65tYIwsRsyROJ5q9uOpvFW,204331,4,sam
(Love Is Like A) Heat Wave,0.514,0.624,0,-9.287,0,0.0842,0.513,0.00517,0.307,0.755,166.726,audio_features,3VgrSJEKBRT3xmwzpaxxEF,spotify:track:3VgrSJEKBRT3xmwzpaxxEF,https://api.spotify.com/v1/tracks/3VgrSJEKBRT3xmwzpaxxEF,https://api.spotify.com/v1/audio-analysis/3VgrSJEKBRT3xmwzpaxxEF,163053,4,sam
New Invention,0.489,0.854,0,-3.03,1,0.079,0.00842,4.06e-6,0.091,0.763,180.138,audio_features,4Hos8spXcETtjbC7iSkUx8,spotify:track:4Hos8spXcETtjbC7iSkUx8,https://api.spotify.com/v1/tracks/4Hos8spXcETtjbC7iSkUx8,https://api.spotify.com/v1/audio-analysis/4Hos8spXcETtjbC7iSkUx8,191594,4,sam
Fever Dream,0.561,0.519,2,-8.467,1,0.0395,0.223,0,0.156,0.2,119.882,audio_features,6YNdQ5utvFnK4CTAnBga06,spotify:track:6YNdQ5utvFnK4CTAnBga06,https://api.spotify.com/v1/tracks/6YNdQ5utvFnK4CTAnBga06,https://api.spotify.com/v1/audio-analysis/6YNdQ5utvFnK4CTAnBga06,171000,4,sam
brutal,0.672,0.526,4,-6.446,1,0.0599,0.0311,1.37e-6,0.28,0.28,123.999,audio_features,6SRsiMl7w1USE4mFqrOhHC,spotify:track:6SRsiMl7w1USE4mFqrOhHC,https://api.spotify.com/v1/tracks/6SRsiMl7w1USE4mFqrOhHC,https://api.spotify.com/v1/audio-analysis/6SRsiMl7w1USE4mFqrOhHC,143747,4,sam
good 4 u,0.563,0.664,9,-5.044,1,0.154,0.335,0,0.0849,0.688,166.928,audio_features,4ZtFanR9U6ndgddUvNcjcG,spotify:track:4ZtFanR9U6ndgddUvNcjcG,https://api.spotify.com/v1/tracks/4ZtFanR9U6ndgddUvNcjcG,https://api.spotify.com/v1/audio-analysis/4ZtFanR9U6ndgddUvNcjcG,178147,4,sam
Back For Me,0.721,0.655,4,-4.747,0,0.0274,0.0859,4.52e-5,0.0592,0.522,133.027,audio_features,2XkGsXn2ajii2gzxnZLYip,spotify:track:2XkGsXn2ajii2gzxnZLYip,https://api.spotify.com/v1/tracks/2XkGsXn2ajii2gzxnZLYip,https://api.spotify.com/v1/audio-analysis/2XkGsXn2ajii2gzxnZLYip,201613,4,sam
Dear To Me,0.73,0.573,1,-7.009,1,0.0375,0.0508,0.0472,0.062,0.6,117.692,audio_features,4hh1lvWiUaLMOcVXhyK6TA,spotify:track:4hh1lvWiUaLMOcVXhyK6TA,https://api.spotify.com/v1/tracks/4hh1lvWiUaLMOcVXhyK6TA,https://api.spotify.com/v1/audio-analysis/4hh1lvWiUaLMOcVXhyK6TA,241480,4,sam
Make It Hurt,0.728,0.394,11,-9.236,0,0.177,0.113,3.16e-4,0.374,0.788,89.828,audio_features,6mtPTzgzIMh7C216xTIrHX,spotify:track:6mtPTzgzIMh7C216xTIrHX,https://api.spotify.com/v1/tracks/6mtPTzgzIMh7C216xTIrHX,https://api.spotify.com/v1/audio-analysis/6mtPTzgzIMh7C216xTIrHX,156667,4,sam
Money,0.646,0.585,4,-9.148,1,0.0336,0.163,0.293,0.406,0.412,110.058,audio_features,2Vi8BQIM9vCQkkrvf3VPjI,spotify:track:2Vi8BQIM9vCQkkrvf3VPjI,https://api.spotify.com/v1/tracks/2Vi8BQIM9vCQkkrvf3VPjI,https://api.spotify.com/v1/audio-analysis/2Vi8BQIM9vCQkkrvf3VPjI,238180,4,sam
Que tout s'danse,0.783,0.44,11,-9.926,0,0.0704,0.738,3.44e-6,0.0969,0.291,115.019,audio_features,1vinBP3tW0NHhQKr1jMucF,spotify:track:1vinBP3tW0NHhQKr1jMucF,https://api.spotify.com/v1/tracks/1vinBP3tW0NHhQKr1jMucF,https://api.spotify.com/v1/audio-analysis/1vinBP3tW0NHhQKr1jMucF,215253,4,sam
Do It All The Time,0.79,0.573,11,-6.422,0,0.0319,0.0949,0,0.105,0.849,110.02,audio_features,28bTPsU7iAILCcL02TrVUO,spotify:track:28bTPsU7iAILCcL02TrVUO,https://api.spotify.com/v1/tracks/28bTPsU7iAILCcL02TrVUO,https://api.spotify.com/v1/audio-analysis/28bTPsU7iAILCcL02TrVUO,167840,4,sam
Choke,0.516,0.85,4,-3.909,0,0.0706,0.00139,0,0.296,0.583,120.324,audio_features,37mfTcSlX60JtAvAETytGs,spotify:track:37mfTcSlX60JtAvAETytGs,https://api.spotify.com/v1/tracks/37mfTcSlX60JtAvAETytGs,https://api.spotify.com/v1/audio-analysis/37mfTcSlX60JtAvAETytGs,195717,4,sam
Life's Too Short,0.524,0.831,6,-5.25,1,0.0287,9.65e-4,0,0.0904,0.458,93.003,audio_features,21xou84xCn9aF4z2N5GzTK,spotify:track:21xou84xCn9aF4z2N5GzTK,https://api.spotify.com/v1/tracks/21xou84xCn9aF4z2N5GzTK,https://api.spotify.com/v1/audio-analysis/21xou84xCn9aF4z2N5GzTK,221627,4,sam
Lo-Fi Children,0.53,0.79,5,-4.446,1,0.0369,3.73e-4,7.42e-4,0.244,0.577,84.011,audio_features,7h5vsnbygkp5EXbRgXQ77g,spotify:track:7h5vsnbygkp5EXbRgXQ77g,https://api.spotify.com/v1/tracks/7h5vsnbygkp5EXbRgXQ77g,https://api.spotify.com/v1/audio-analysis/7h5vsnbygkp5EXbRgXQ77g,217440,4,sam
"Bach, JS: Cello Suite No. 4 in E-Flat Major, BWV 1010: I. Prelude",0.276,0.0696,3,-24.858,1,0.0497,0.984,0.894,0.11,0.48,102.673,audio_features,5dDL3HAop7RZcbQ0WqEqfk,spotify:track:5dDL3HAop7RZcbQ0WqEqfk,https://api.spotify.com/v1/tracks/5dDL3HAop7RZcbQ0WqEqfk,https://api.spotify.com/v1/audio-analysis/5dDL3HAop7RZcbQ0WqEqfk,264093,4,sam
Daphné,0.652,0.65,7,-8.041,0,0.0551,0.113,0,0.176,0.376,122.086,audio_features,0LuqZW3D385666uwlYUtxe,spotify:track:0LuqZW3D385666uwlYUtxe,https://api.spotify.com/v1/tracks/0LuqZW3D385666uwlYUtxe,https://api.spotify.com/v1/audio-analysis/0LuqZW3D385666uwlYUtxe,211986,4,sam
La fête,0.758,0.582,10,-6.233,0,0.111,0.215,0,0.129,0.824,98.095,audio_features,4ui0FVFg6jv06mDV8R4ihd,spotify:track:4ui0FVFg6jv06mDV8R4ihd,https://api.spotify.com/v1/tracks/4ui0FVFg6jv06mDV8R4ihd,https://api.spotify.com/v1/audio-analysis/4ui0FVFg6jv06mDV8R4ihd,192857,4,sam
Carrousel (feat. Indila),0.722,0.388,7,-8.569,0,0.0359,0.366,0,0.0923,0.604,122.004,audio_features,6rHywKNBPzJ6aLVLT5RshH,spotify:track:6rHywKNBPzJ6aLVLT5RshH,https://api.spotify.com/v1/tracks/6rHywKNBPzJ6aLVLT5RshH,https://api.spotify.com/v1/audio-analysis/6rHywKNBPzJ6aLVLT5RshH,218000,4,sam
Brand New Numb,0.566,0.886,0,-3.63,1,0.0902,3.48e-4,0,0.494,0.619,130.066,audio_features,0vPkRB52RENZMpHybpFKYK,spotify:track:0vPkRB52RENZMpHybpFKYK,https://api.spotify.com/v1/tracks/0vPkRB52RENZMpHybpFKYK,https://api.spotify.com/v1/audio-analysis/0vPkRB52RENZMpHybpFKYK,222461,4,sam
Boccherini / Arr Stoll : Sonata No.3 in G major : III Minuetto,0.258,0.0365,7,-25.139,1,0.0522,0.975,0.929,0.108,0.149,128.085,audio_features,7LIC9pYqPLmnGTla7eBXCT,spotify:track:7LIC9pYqPLmnGTla7eBXCT,https://api.spotify.com/v1/tracks/7LIC9pYqPLmnGTla7eBXCT,https://api.spotify.com/v1/audio-analysis/7LIC9pYqPLmnGTla7eBXCT,174933,3,sam
"Cello Sonata in G Minor, Op. 19: II. Allegro scherzando",0.19,0.0256,8,-29.37,1,0.0368,0.99,0.925,0.0877,0.14,167.154,audio_features,1MQtghKy9DcxHWfvbf97k0,spotify:track:1MQtghKy9DcxHWfvbf97k0,https://api.spotify.com/v1/tracks/1MQtghKy9DcxHWfvbf97k0,https://api.spotify.com/v1/audio-analysis/1MQtghKy9DcxHWfvbf97k0,401880,4,sam
Backseat Serenade,0.511,0.964,6,-3.712,1,0.0451,5.87e-5,3.29e-5,0.172,0.546,140.05,audio_features,7dv7zzot4FkA9ovZ51yWyE,spotify:track:7dv7zzot4FkA9ovZ51yWyE,https://api.spotify.com/v1/tracks/7dv7zzot4FkA9ovZ51yWyE,https://api.spotify.com/v1/audio-analysis/7dv7zzot4FkA9ovZ51yWyE,200510,4,sam
"Oh, Death",0.676,0.691,6,-7.343,1,0.0386,0.00529,0.00624,0.238,0.738,139.99,audio_features,2eewWflXbzyR2HvKdVSqUe,spotify:track:2eewWflXbzyR2HvKdVSqUe,https://api.spotify.com/v1/tracks/2eewWflXbzyR2HvKdVSqUe,https://api.spotify.com/v1/audio-analysis/2eewWflXbzyR2HvKdVSqUe,185143,4,sam
agoraphobic,0.815,0.697,7,-9.57,1,0.219,0.778,3.98e-4,0.102,0.147,97.987,audio_features,6ATqL4f1nFWwASrWi8nF6e,spotify:track:6ATqL4f1nFWwASrWi8nF6e,https://api.spotify.com/v1/tracks/6ATqL4f1nFWwASrWi8nF6e,https://api.spotify.com/v1/audio-analysis/6ATqL4f1nFWwASrWi8nF6e,129796,4,sam
Back With You,0.555,0.75,9,-5.428,1,0.127,0.16,1.9e-6,0.0832,0.65,184.42,audio_features,4WbDf9cb27viHuSMP4q4vF,spotify:track:4WbDf9cb27viHuSMP4q4vF,https://api.spotify.com/v1/tracks/4WbDf9cb27viHuSMP4q4vF,https://api.spotify.com/v1/audio-analysis/4WbDf9cb27viHuSMP4q4vF,208185,3,sam
If I Ain’t Got You,0.733,0.752,0,-3.825,1,0.143,0.508,0,0.0701,0.848,87.6,audio_features,2pIVtQtYOsSptesL6eTMms,spotify:track:2pIVtQtYOsSptesL6eTMms,https://api.spotify.com/v1/tracks/2pIVtQtYOsSptesL6eTMms,https://api.spotify.com/v1/audio-analysis/2pIVtQtYOsSptesL6eTMms,174000,4,sam
You Seemed so Happy,0.519,0.888,11,-6.232,1,0.117,0.0406,0,0.227,0.416,149.938,audio_features,0NuIfPuBhUAt4aA4HP0rUu,spotify:track:0NuIfPuBhUAt4aA4HP0rUu,https://api.spotify.com/v1/tracks/0NuIfPuBhUAt4aA4HP0rUu,https://api.spotify.com/v1/audio-analysis/0NuIfPuBhUAt4aA4HP0rUu,162486,4,sam
Pressure (feat. UCLA Bruin Marching Band),0.631,0.947,4,-2.656,0,0.0551,0.496,4.63e-5,0.576,0.807,136.016,audio_features,1DqoQsvOtn23gDx6Up6cX5,spotify:track:1DqoQsvOtn23gDx6Up6cX5,https://api.spotify.com/v1/tracks/1DqoQsvOtn23gDx6Up6cX5,https://api.spotify.com/v1/audio-analysis/1DqoQsvOtn23gDx6Up6cX5,244027,4,sam
Saw You In A Dream,0.607,0.451,4,-8.206,1,0.0286,0.0604,0,0.19,0.676,94.054,audio_features,0U3u0HdRQjD8mAMYBak4Ok,spotify:track:0U3u0HdRQjD8mAMYBak4Ok,https://api.spotify.com/v1/tracks/0U3u0HdRQjD8mAMYBak4Ok,https://api.spotify.com/v1/audio-analysis/0U3u0HdRQjD8mAMYBak4Ok,208280,4,sam
Monsters (feat. blackbear),0.369,0.845,0,-3.449,0,0.0611,0.0493,0,0.416,0.782,78.532,audio_features,0tyR7Bu9P086aWBFZ4QJoo,spotify:track:0tyR7Bu9P086aWBFZ4QJoo,https://api.spotify.com/v1/tracks/0tyR7Bu9P086aWBFZ4QJoo,https://api.spotify.com/v1/audio-analysis/0tyR7Bu9P086aWBFZ4QJoo,174068,4,sam
"Quiet, Quiet (B-Side)",0.586,0.832,1,-5.86,1,0.0471,0.023,1.89e-4,0.079,0.904,169.9,audio_features,6nuyuEXDKMnCzAnSMlR5CM,spotify:track:6nuyuEXDKMnCzAnSMlR5CM,https://api.spotify.com/v1/tracks/6nuyuEXDKMnCzAnSMlR5CM,https://api.spotify.com/v1/audio-analysis/6nuyuEXDKMnCzAnSMlR5CM,197440,4,sam
Mystery of Love (From the Original Motion Picture “Call Me by Your Name”),0.365,0.273,4,-16.526,0,0.038,0.94,0.431,0.109,0.238,132.285,audio_features,0oTtnnedK0C4unALxVTPhz,spotify:track:0oTtnnedK0C4unALxVTPhz,https://api.spotify.com/v1/tracks/0oTtnnedK0C4unALxVTPhz,https://api.spotify.com/v1/audio-analysis/0oTtnnedK0C4unALxVTPhz,248965,5,sam
Mr. Doctor Man,0.376,0.939,4,-2.094,0,0.0781,4.65e-5,2.3e-4,0.109,0.529,167.904,audio_features,1yIMrzF45Ven2FzPFAr0Gg,spotify:track:1yIMrzF45Ven2FzPFAr0Gg,https://api.spotify.com/v1/tracks/1yIMrzF45Ven2FzPFAr0Gg,https://api.spotify.com/v1/audio-analysis/1yIMrzF45Ven2FzPFAr0Gg,244587,4,sam
Hayloft,0.527,0.922,9,-2.666,0,0.0728,0.00475,1.62e-4,0.422,0.49,95.975,audio_features,2kS6td1yvmpNgZTt1q5pQq,spotify:track:2kS6td1yvmpNgZTt1q5pQq,https://api.spotify.com/v1/tracks/2kS6td1yvmpNgZTt1q5pQq,https://api.spotify.com/v1/audio-analysis/2kS6td1yvmpNgZTt1q5pQq,181680,4,sam
Shampoo Bottles,0.648,0.436,8,-9.578,1,0.0275,0.0232,0,0.0944,0.333,107.019,audio_features,2INUkDPCO1eQlOFmIN5VAC,spotify:track:2INUkDPCO1eQlOFmIN5VAC,https://api.spotify.com/v1/tracks/2INUkDPCO1eQlOFmIN5VAC,https://api.spotify.com/v1/audio-analysis/2INUkDPCO1eQlOFmIN5VAC,224267,4,sam
Alrighty Aphrodite,0.534,0.724,6,-4.675,0,0.0495,0.00605,0.0929,0.108,0.503,81.846,audio_features,6OiRh4kttAs1YWglvTcYkB,spotify:track:6OiRh4kttAs1YWglvTcYkB,https://api.spotify.com/v1/tracks/6OiRh4kttAs1YWglvTcYkB,https://api.spotify.com/v1/audio-analysis/6OiRh4kttAs1YWglvTcYkB,207813,4,sam
Peach Pit,0.515,0.804,6,-5.345,0,0.0398,0.00322,0.00229,0.149,0.298,123.969,audio_features,0ZK8TGOsngrstVPsnrHbK1,spotify:track:0ZK8TGOsngrstVPsnrHbK1,https://api.spotify.com/v1/tracks/0ZK8TGOsngrstVPsnrHbK1,https://api.spotify.com/v1/audio-analysis/0ZK8TGOsngrstVPsnrHbK1,287080,4,sam
Psychics in LA,0.328,0.849,1,-5.02,0,0.052,0.0096,1.33e-5,0.232,0.624,132.047,audio_features,5tsB5ROYUKKisUaJQIEEfv,spotify:track:5tsB5ROYUKKisUaJQIEEfv,https://api.spotify.com/v1/tracks/5tsB5ROYUKKisUaJQIEEfv,https://api.spotify.com/v1/audio-analysis/5tsB5ROYUKKisUaJQIEEfv,206733,3,sam
everything i wanted,0.704,0.225,6,-14.454,0,0.0994,0.902,0.657,0.106,0.243,120.006,audio_features,3ZCTVFBt2Brf31RLEnCkWJ,spotify:track:3ZCTVFBt2Brf31RLEnCkWJ,https://api.spotify.com/v1/tracks/3ZCTVFBt2Brf31RLEnCkWJ,https://api.spotify.com/v1/audio-analysis/3ZCTVFBt2Brf31RLEnCkWJ,245426,4,sam
Another Way Out,0.552,0.939,9,-5.716,1,0.0572,1.19e-4,0.00335,0.115,0.654,149.94,audio_features,0vO8hMKyQl1iE6bFq9oV8V,spotify:track:0vO8hMKyQl1iE6bFq9oV8V,https://api.spotify.com/v1/tracks/0vO8hMKyQl1iE6bFq9oV8V,https://api.spotify.com/v1/audio-analysis/0vO8hMKyQl1iE6bFq9oV8V,167667,4,sam
Rapture,0.567,0.944,4,-1.852,0,0.0734,0.00349,6.21e-6,0.791,0.656,121.943,audio_features,1c4h8DHr9QOcWxIGTq3Wsn,spotify:track:1c4h8DHr9QOcWxIGTq3Wsn,https://api.spotify.com/v1/tracks/1c4h8DHr9QOcWxIGTq3Wsn,https://api.spotify.com/v1/audio-analysis/1c4h8DHr9QOcWxIGTq3Wsn,239667,4,sam
In My Life - Remastered 2009,0.688,0.435,9,-11.359,1,0.0323,0.449,0,0.113,0.435,103.239,audio_features,3KfbEIOC7YIv90FIfNSZpo,spotify:track:3KfbEIOC7YIv90FIfNSZpo,https://api.spotify.com/v1/tracks/3KfbEIOC7YIv90FIfNSZpo,https://api.spotify.com/v1/audio-analysis/3KfbEIOC7YIv90FIfNSZpo,146333,4,sam
We'll Meet Again,0.707,0.715,1,-4.599,0,0.0358,0.23,8.65e-5,0.306,0.627,96.018,audio_features,0saGACKtFP1ZVW4Nd4IkCw,spotify:track:0saGACKtFP1ZVW4Nd4IkCw,https://api.spotify.com/v1/tracks/0saGACKtFP1ZVW4Nd4IkCw,https://api.spotify.com/v1/audio-analysis/0saGACKtFP1ZVW4Nd4IkCw,195625,4,sam
Tangerine,0.845,0.583,9,-5.948,0,0.0773,0.114,5.36e-4,0.1,0.842,149.941,audio_features,40rOlDoGejXXF4B0BYsjx8,spotify:track:40rOlDoGejXXF4B0BYsjx8,https://api.spotify.com/v1/tracks/40rOlDoGejXXF4B0BYsjx8,https://api.spotify.com/v1/audio-analysis/40rOlDoGejXXF4B0BYsjx8,200584,4,sam
Radio Shack,0.729,0.529,7,-8.34,0,0.0642,0.031,0.772,0.125,0.739,81.742,audio_features,388685nMQl5vx6Jb6lsi7C,spotify:track:388685nMQl5vx6Jb6lsi7C,https://api.spotify.com/v1/tracks/388685nMQl5vx6Jb6lsi7C,https://api.spotify.com/v1/audio-analysis/388685nMQl5vx6Jb6lsi7C,196951,4,sam
Leave Me Alone,0.544,0.886,0,-2.667,1,0.0381,0.00188,0,0.324,0.567,104.09,audio_features,0AdfjZjynCi5aVfKcaxGvW,spotify:track:0AdfjZjynCi5aVfKcaxGvW,https://api.spotify.com/v1/tracks/0AdfjZjynCi5aVfKcaxGvW,https://api.spotify.com/v1/audio-analysis/0AdfjZjynCi5aVfKcaxGvW,215645,4,sam
Two Time,0.761,0.405,0,-12.036,1,0.119,0.123,0.862,0.101,0.967,98.973,audio_features,0KEJ1qbqw3qx2Y37RvaljZ,spotify:track:0KEJ1qbqw3qx2Y37RvaljZ,https://api.spotify.com/v1/tracks/0KEJ1qbqw3qx2Y37RvaljZ,https://api.spotify.com/v1/audio-analysis/0KEJ1qbqw3qx2Y37RvaljZ,139394,4,sam
Kiss The Go-Goat,0.469,0.851,10,-4.147,1,0.0547,2.13e-4,7.86e-6,0.154,0.549,130.053,audio_features,56k2ztFw7hQRzDeoe80pJo,spotify:track:56k2ztFw7hQRzDeoe80pJo,https://api.spotify.com/v1/tracks/56k2ztFw7hQRzDeoe80pJo,https://api.spotify.com/v1/audio-analysis/56k2ztFw7hQRzDeoe80pJo,195694,4,sam
Square Hammer,0.53,0.903,2,-4.396,0,0.0483,3.31e-5,0.182,0.259,0.747,129.983,audio_features,2XgTw2co6xv95TmKpMcL70,spotify:track:2XgTw2co6xv95TmKpMcL70,https://api.spotify.com/v1/tracks/2XgTw2co6xv95TmKpMcL70,https://api.spotify.com/v1/audio-analysis/2XgTw2co6xv95TmKpMcL70,239293,4,sam
Sunflower,0.384,0.765,6,-4.463,1,0.0579,0.646,0.00352,0.522,0.567,129.903,audio_features,4EpZ4eYuZOwPSSwyqpdHnJ,spotify:track:4EpZ4eYuZOwPSSwyqpdHnJ,https://api.spotify.com/v1/tracks/4EpZ4eYuZOwPSSwyqpdHnJ,https://api.spotify.com/v1/audio-analysis/4EpZ4eYuZOwPSSwyqpdHnJ,252231,4,sam
Moscow,0.715,0.611,0,-8.302,1,0.0324,0.183,8.51e-6,0.0786,0.817,103.987,audio_features,4ylE1Sl2wohbCvToD1fHsl,spotify:track:4ylE1Sl2wohbCvToD1fHsl,https://api.spotify.com/v1/tracks/4ylE1Sl2wohbCvToD1fHsl,https://api.spotify.com/v1/audio-analysis/4ylE1Sl2wohbCvToD1fHsl,234572,4,sam
OK,0.72,0.625,7,-6.274,1,0.0362,0.0112,0.0076,0.0999,0.818,102.006,audio_features,0APAKxMXB7jdDs4kw1l30y,spotify:track:0APAKxMXB7jdDs4kw1l30y,https://api.spotify.com/v1/tracks/0APAKxMXB7jdDs4kw1l30y,https://api.spotify.com/v1/audio-analysis/0APAKxMXB7jdDs4kw1l30y,193293,4,sam
No Beat to My Heart,0.597,0.612,2,-6.451,0,0.0299,0.0114,0.00335,0.0797,0.909,141.995,audio_features,0ZvcxhUFJCldBb1OvKqLC4,spotify:track:0ZvcxhUFJCldBb1OvKqLC4,https://api.spotify.com/v1/tracks/0ZvcxhUFJCldBb1OvKqLC4,https://api.spotify.com/v1/audio-analysis/0ZvcxhUFJCldBb1OvKqLC4,287282,4,sam
Sofia...,0.585,0.747,9,-5.326,1,0.0431,0.063,5.66e-4,0.0827,0.445,124.116,audio_features,3mVvHX2unymAji6lBRuzBg,spotify:track:3mVvHX2unymAji6lBRuzBg,https://api.spotify.com/v1/tracks/3mVvHX2unymAji6lBRuzBg,https://api.spotify.com/v1/audio-analysis/3mVvHX2unymAji6lBRuzBg,312000,4,sam
Not My Baby,0.344,0.645,0,-4.363,1,0.035,0.0291,0.315,0.0988,0.125,150.852,audio_features,27bBjan9bD8rUESGYqK9a7,spotify:track:27bBjan9bD8rUESGYqK9a7,https://api.spotify.com/v1/tracks/27bBjan9bD8rUESGYqK9a7,https://api.spotify.com/v1/audio-analysis/27bBjan9bD8rUESGYqK9a7,256413,4,sam
Do You Know What I'm Seeing?,0.51,0.67,8,-7.519,0,0.0343,0.0851,0,0.162,0.265,124.144,audio_features,4lUE5P7odHgfWk87tKGrj3,spotify:track:4lUE5P7odHgfWk87tKGrj3,https://api.spotify.com/v1/tracks/4lUE5P7odHgfWk87tKGrj3,https://api.spotify.com/v1/audio-analysis/4lUE5P7odHgfWk87tKGrj3,254387,4,sam
Birds,0.546,0.407,8,-6.373,0,0.0394,0.423,0,0.301,0.228,132.214,audio_features,2La3nnBuplkNZN3oIZa8sY,spotify:track:2La3nnBuplkNZN3oIZa8sY,https://api.spotify.com/v1/tracks/2La3nnBuplkNZN3oIZa8sY,https://api.spotify.com/v1/audio-analysis/2La3nnBuplkNZN3oIZa8sY,203963,4,sam
Buttercup,0.81,0.53,11,-7.835,0,0.0706,0.344,0.726,0.0984,0.63,119.971,audio_features,0efg17tp3DuFH1izb3z9f1,spotify:track:0efg17tp3DuFH1izb3z9f1,https://api.spotify.com/v1/tracks/0efg17tp3DuFH1izb3z9f1,https://api.spotify.com/v1/audio-analysis/0efg17tp3DuFH1izb3z9f1,198000,4,sam
For Elise,0.492,0.504,10,-6.322,1,0.0473,0.238,0,0.153,0.262,152.855,audio_features,6i40XRqEwHAnSxwZWasMRp,spotify:track:6i40XRqEwHAnSxwZWasMRp,https://api.spotify.com/v1/tracks/6i40XRqEwHAnSxwZWasMRp,https://api.spotify.com/v1/audio-analysis/6i40XRqEwHAnSxwZWasMRp,203333,4,sam
Feel Good,0.793,0.865,2,-5.726,1,0.0453,0.0373,0,0.0602,0.563,119.972,audio_features,19YHwg5Jipsou3sqXc9ZLe,spotify:track:19YHwg5Jipsou3sqXc9ZLe,https://api.spotify.com/v1/tracks/19YHwg5Jipsou3sqXc9ZLe,https://api.spotify.com/v1/audio-analysis/19YHwg5Jipsou3sqXc9ZLe,171058,4,sam
Shampoo Bottles,0.648,0.436,8,-9.578,1,0.0275,0.0232,0,0.0944,0.333,107.019,audio_features,4whYKrpVKvvaucBF0vtPuQ,spotify:track:4whYKrpVKvvaucBF0vtPuQ,https://api.spotify.com/v1/tracks/4whYKrpVKvvaucBF0vtPuQ,https://api.spotify.com/v1/audio-analysis/4whYKrpVKvvaucBF0vtPuQ,224267,4,sam
Break,0.578,0.897,0,-3.906,1,0.0357,6.66e-4,0,0.0924,0.737,115.491,audio_features,4urxRqBRiaH0i20OKBsgxc,spotify:track:4urxRqBRiaH0i20OKBsgxc,https://api.spotify.com/v1/tracks/4urxRqBRiaH0i20OKBsgxc,https://api.spotify.com/v1/audio-analysis/4urxRqBRiaH0i20OKBsgxc,193107,4,sam
Aawake At Night,0.592,0.728,7,-6.342,0,0.205,0.351,1.03e-5,0.459,0.395,62.966,audio_features,0zms6rKU9lh6BbIrp1gDcZ,spotify:track:0zms6rKU9lh6BbIrp1gDcZ,https://api.spotify.com/v1/tracks/0zms6rKU9lh6BbIrp1gDcZ,https://api.spotify.com/v1/audio-analysis/0zms6rKU9lh6BbIrp1gDcZ,199056,4,sam
English House,0.579,0.564,3,-9.897,1,0.0278,0.196,0.432,0.126,0.364,97.967,audio_features,5dalWHZyT2N6repeisFnVO,spotify:track:5dalWHZyT2N6repeisFnVO,https://api.spotify.com/v1/tracks/5dalWHZyT2N6repeisFnVO,https://api.spotify.com/v1/audio-analysis/5dalWHZyT2N6repeisFnVO,281200,4,sam
Set Me Free,0.448,0.661,6,-7.293,1,0.0311,4.15e-4,6.42e-5,0.0499,0.213,139.983,audio_features,2IrdmiRatVE5s3l2YRcIXH,spotify:track:2IrdmiRatVE5s3l2YRcIXH,https://api.spotify.com/v1/tracks/2IrdmiRatVE5s3l2YRcIXH,https://api.spotify.com/v1/audio-analysis/2IrdmiRatVE5s3l2YRcIXH,381201,4,sam
Make The Grade,0.616,0.453,7,-12.746,1,0.0249,0.668,0.00237,0.0961,0.366,84.542,audio_features,3K3gE0CUJKn2yxf5BRXhdt,spotify:track:3K3gE0CUJKn2yxf5BRXhdt,https://api.spotify.com/v1/tracks/3K3gE0CUJKn2yxf5BRXhdt,https://api.spotify.com/v1/audio-analysis/3K3gE0CUJKn2yxf5BRXhdt,174142,4,sam
Sirens,0.58,0.962,6,-3.736,1,0.0691,0.00183,1.56e-6,0.275,0.604,154.965,audio_features,3hefsiD59nlwLFCEqWZJeV,spotify:track:3hefsiD59nlwLFCEqWZJeV,https://api.spotify.com/v1/tracks/3hefsiD59nlwLFCEqWZJeV,https://api.spotify.com/v1/audio-analysis/3hefsiD59nlwLFCEqWZJeV,219296,4,sam
Rosies,0.367,0.681,9,-11.129,1,0.05,0.00397,0.0255,0.0682,0.626,111.609,audio_features,0qZqdxmOXPaK4c8a348uId,spotify:track:0qZqdxmOXPaK4c8a348uId,https://api.spotify.com/v1/tracks/0qZqdxmOXPaK4c8a348uId,https://api.spotify.com/v1/audio-analysis/0qZqdxmOXPaK4c8a348uId,250083,3,sam
Destroyer,0.646,0.845,2,-5.135,1,0.0334,5.36e-4,4.78e-6,0.235,0.668,130.013,audio_features,7tFa04zJGCdcRLmrXLThOe,spotify:track:7tFa04zJGCdcRLmrXLThOe,https://api.spotify.com/v1/tracks/7tFa04zJGCdcRLmrXLThOe,https://api.spotify.com/v1/audio-analysis/7tFa04zJGCdcRLmrXLThOe,191667,4,sam
Turn the Lights Off,0.392,0.702,6,-6.509,1,0.0848,0.137,0,0.109,0.771,188.606,audio_features,3xpdefOloYCBXd3UR6MVyM,spotify:track:3xpdefOloYCBXd3UR6MVyM,https://api.spotify.com/v1/tracks/3xpdefOloYCBXd3UR6MVyM,https://api.spotify.com/v1/audio-analysis/3xpdefOloYCBXd3UR6MVyM,176627,4,sam
Your Guardian Angel,0.29,0.48,5,-6.583,1,0.0296,0.116,3.03e-6,0.626,0.382,112.62,audio_features,2Guz1b911CbpG8L92cnglI,spotify:track:2Guz1b911CbpG8L92cnglI,https://api.spotify.com/v1/tracks/2Guz1b911CbpG8L92cnglI,https://api.spotify.com/v1/audio-analysis/2Guz1b911CbpG8L92cnglI,229235,4,sam
To My Enemies,0.532,0.819,9,-3.685,1,0.0329,0.00707,0,0.051,0.736,92.539,audio_features,0sotNFiKgorDdcsIKQDi5r,spotify:track:0sotNFiKgorDdcsIKQDi5r,https://api.spotify.com/v1/tracks/0sotNFiKgorDdcsIKQDi5r,https://api.spotify.com/v1/audio-analysis/0sotNFiKgorDdcsIKQDi5r,259453,4,sam
Dream Sweet in Sea Major,0.341,0.426,0,-11.194,1,0.0416,0.919,0.0673,0.106,0.187,169.986,audio_features,3RznzRnsl8mzP63l4AF2M7,spotify:track:3RznzRnsl8mzP63l4AF2M7,https://api.spotify.com/v1/tracks/3RznzRnsl8mzP63l4AF2M7,https://api.spotify.com/v1/audio-analysis/3RznzRnsl8mzP63l4AF2M7,420012,4,sam
I'm Not Ok,0.397,0.962,9,-3.386,1,0.0639,0.00628,0,0.238,0.542,177.927,audio_features,17weS3aO2oaGYJ9Q9yM56X,spotify:track:17weS3aO2oaGYJ9Q9yM56X,https://api.spotify.com/v1/tracks/17weS3aO2oaGYJ9Q9yM56X,https://api.spotify.com/v1/audio-analysis/17weS3aO2oaGYJ9Q9yM56X,181173,4,sam
American Love,0.434,0.68,8,-4.84,1,0.0322,5.25e-4,0.0243,0.211,0.403,156.941,audio_features,0m8z88MqUfbstTIUMK2wfZ,spotify:track:0m8z88MqUfbstTIUMK2wfZ,https://api.spotify.com/v1/tracks/0m8z88MqUfbstTIUMK2wfZ,https://api.spotify.com/v1/audio-analysis/0m8z88MqUfbstTIUMK2wfZ,179347,4,sam
Witches,0.431,0.908,2,-3.967,1,0.156,0.104,0,0.165,0.805,181.934,audio_features,3FMax45mvWzLoKHFzgbI39,spotify:track:3FMax45mvWzLoKHFzgbI39,https://api.spotify.com/v1/tracks/3FMax45mvWzLoKHFzgbI39,https://api.spotify.com/v1/audio-analysis/3FMax45mvWzLoKHFzgbI39,152777,4,sam
Dirty Imbecile,0.834,0.531,3,-10.45,1,0.16,0.48,0,0.0957,0.39,99.999,audio_features,5erGUceK8ieHWtTXdnGP65,spotify:track:5erGUceK8ieHWtTXdnGP65,https://api.spotify.com/v1/tracks/5erGUceK8ieHWtTXdnGP65,https://api.spotify.com/v1/audio-analysis/5erGUceK8ieHWtTXdnGP65,239612,4,sam
Back Pocket,0.839,0.585,2,-7.738,1,0.153,0.478,0.00281,0.0435,0.89,89.821,audio_features,1DrlLvlYd1FIjNavRm6NdX,spotify:track:1DrlLvlYd1FIjNavRm6NdX,https://api.spotify.com/v1/tracks/1DrlLvlYd1FIjNavRm6NdX,https://api.spotify.com/v1/audio-analysis/1DrlLvlYd1FIjNavRm6NdX,181260,4,sam
Off She Goes,0.621,0.843,6,-5.412,1,0.0315,0.0874,1.96e-4,0.106,0.445,132.01,audio_features,277XsneDiv30dhONPCOmrF,spotify:track:277XsneDiv30dhONPCOmrF,https://api.spotify.com/v1/tracks/277XsneDiv30dhONPCOmrF,https://api.spotify.com/v1/audio-analysis/277XsneDiv30dhONPCOmrF,236440,4,sam
Daughterson,0.626,0.221,0,-21.322,1,0.0618,0.762,0,0.611,0.784,120.933,audio_features,11S0giTRnSvnXGBaUqZVSK,spotify:track:11S0giTRnSvnXGBaUqZVSK,https://api.spotify.com/v1/tracks/11S0giTRnSvnXGBaUqZVSK,https://api.spotify.com/v1/audio-analysis/11S0giTRnSvnXGBaUqZVSK,221180,4,sam
Saturn,0.263,0.237,3,-13.738,1,0.0344,0.638,0.305,0.109,0.0461,73.024,audio_features,3tJjZMHLqhD8DaGgdBICnc,spotify:track:3tJjZMHLqhD8DaGgdBICnc,https://api.spotify.com/v1/tracks/3tJjZMHLqhD8DaGgdBICnc,https://api.spotify.com/v1/audio-analysis/3tJjZMHLqhD8DaGgdBICnc,289792,4,sam
Mr. Blue Sky,0.388,0.338,10,-10.054,1,0.0329,0.652,3.73e-6,0.248,0.478,177.765,audio_features,2RlgNHKcydI9sayD2Df2xp,spotify:track:2RlgNHKcydI9sayD2Df2xp,https://api.spotify.com/v1/tracks/2RlgNHKcydI9sayD2Df2xp,https://api.spotify.com/v1/audio-analysis/2RlgNHKcydI9sayD2Df2xp,303373,4,sam
Something Good Can Work,0.65,0.833,0,-5.079,1,0.0355,0.00559,7.27e-4,0.186,0.68,119.939,audio_features,1aGvLFHJ2shKqO9uycaUcW,spotify:track:1aGvLFHJ2shKqO9uycaUcW,https://api.spotify.com/v1/tracks/1aGvLFHJ2shKqO9uycaUcW,https://api.spotify.com/v1/audio-analysis/1aGvLFHJ2shKqO9uycaUcW,164187,4,sam
The Less I Know The Better,0.64,0.755,1,-4.077,0,0.0287,0.0138,0.0208,0.12,0.744,116.883,audio_features,4g3Ax56IslQkI6XVfYKVc5,spotify:track:4g3Ax56IslQkI6XVfYKVc5,https://api.spotify.com/v1/tracks/4g3Ax56IslQkI6XVfYKVc5,https://api.spotify.com/v1/audio-analysis/4g3Ax56IslQkI6XVfYKVc5,216319,4,sam
way it goes,0.542,0.906,9,-4.213,1,0.0491,0.021,4.3e-4,0.377,0.515,120.014,audio_features,75jHGZkVYcbLDlS1SQkWgz,spotify:track:75jHGZkVYcbLDlS1SQkWgz,https://api.spotify.com/v1/tracks/75jHGZkVYcbLDlS1SQkWgz,https://api.spotify.com/v1/audio-analysis/75jHGZkVYcbLDlS1SQkWgz,245456,4,sam
What You Know,0.55,0.753,6,-4.003,0,0.0407,6.65e-4,7.74e-6,0.0921,0.841,139.048,audio_features,1qfYG2JrchEyJiqKnkE7YQ,spotify:track:1qfYG2JrchEyJiqKnkE7YQ,https://api.spotify.com/v1/tracks/1qfYG2JrchEyJiqKnkE7YQ,https://api.spotify.com/v1/audio-analysis/1qfYG2JrchEyJiqKnkE7YQ,189693,4,sam
Close Your Eyes,0.233,0.764,4,-2.365,1,0.0621,0.159,0,0.341,0.444,163.527,audio_features,6n3zgutRC74CEwYATTzE72,spotify:track:6n3zgutRC74CEwYATTzE72,https://api.spotify.com/v1/tracks/6n3zgutRC74CEwYATTzE72,https://api.spotify.com/v1/audio-analysis/6n3zgutRC74CEwYATTzE72,211773,4,sam
You're Nobody Till Somebody Wants You Dead,0.69,0.713,7,-6.329,1,0.0394,0.0654,0,0.111,0.556,117.011,audio_features,4bl38xLIkTB6VO5r2EBvb1,spotify:track:4bl38xLIkTB6VO5r2EBvb1,https://api.spotify.com/v1/tracks/4bl38xLIkTB6VO5r2EBvb1,https://api.spotify.com/v1/audio-analysis/4bl38xLIkTB6VO5r2EBvb1,222000,4,sam
So What,0.52,0.809,8,-5.688,1,0.0449,0.0309,0,0.0338,0.603,90.18,audio_features,0wAbE8PmaALSdGEpfOuk6J,spotify:track:0wAbE8PmaALSdGEpfOuk6J,https://api.spotify.com/v1/tracks/0wAbE8PmaALSdGEpfOuk6J,https://api.spotify.com/v1/audio-analysis/0wAbE8PmaALSdGEpfOuk6J,190624,4,sam
Great Vacation,0.364,0.691,6,-5.778,0,0.0463,0.491,9.31e-4,0.278,0.517,160.683,audio_features,4wR2cuDiIkxj5w3yAflqGG,spotify:track:4wR2cuDiIkxj5w3yAflqGG,https://api.spotify.com/v1/tracks/4wR2cuDiIkxj5w3yAflqGG,https://api.spotify.com/v1/audio-analysis/4wR2cuDiIkxj5w3yAflqGG,265480,4,sam
Obsessed With You,0.795,0.757,5,-5.02,1,0.0405,0.0147,0,0.372,0.961,117.981,audio_features,1frZRe1W3ZZd3ky6KmXFIg,spotify:track:1frZRe1W3ZZd3ky6KmXFIg,https://api.spotify.com/v1/tracks/1frZRe1W3ZZd3ky6KmXFIg,https://api.spotify.com/v1/audio-analysis/1frZRe1W3ZZd3ky6KmXFIg,204493,4,sam
Animal I Have Become,0.553,0.853,8,-3.668,1,0.0339,6.84e-4,0,0.126,0.506,122.023,audio_features,56sk7jBpZV0CD31G9hEU3b,spotify:track:56sk7jBpZV0CD31G9hEU3b,https://api.spotify.com/v1/tracks/56sk7jBpZV0CD31G9hEU3b,https://api.spotify.com/v1/audio-analysis/56sk7jBpZV0CD31G9hEU3b,231400,4,sam
"Check Yes, Juliet",0.352,0.912,7,-4.253,1,0.0725,0.00197,0,0.193,0.351,166.795,audio_features,0wVluBsVAVzBKrqspuCcwR,spotify:track:0wVluBsVAVzBKrqspuCcwR,https://api.spotify.com/v1/tracks/0wVluBsVAVzBKrqspuCcwR,https://api.spotify.com/v1/audio-analysis/0wVluBsVAVzBKrqspuCcwR,220147,4,sam
"Haunt, The Cartoon Heart",0.625,0.859,11,-5.579,1,0.0618,5.27e-4,4.82e-6,0.0614,0.844,159.994,audio_features,07wdHt1i1Mhba54cjKvDM1,spotify:track:07wdHt1i1Mhba54cjKvDM1,https://api.spotify.com/v1/tracks/07wdHt1i1Mhba54cjKvDM1,https://api.spotify.com/v1/audio-analysis/07wdHt1i1Mhba54cjKvDM1,218965,4,sam
Map of the Problematique,0.493,0.959,8,-3.613,1,0.0414,3.86e-4,0.118,0.254,0.703,125.04,audio_features,5YXr4AGfUQpLSxtFSsKUh6,spotify:track:5YXr4AGfUQpLSxtFSsKUh6,https://api.spotify.com/v1/tracks/5YXr4AGfUQpLSxtFSsKUh6,https://api.spotify.com/v1/audio-analysis/5YXr4AGfUQpLSxtFSsKUh6,258066,4,sam
Drugs & Candy,0.49,0.868,10,-3.943,1,0.0375,0.0486,0,0.0575,0.472,147.979,audio_features,1isQMKYmpvJ4tOP8R2qkWr,spotify:track:1isQMKYmpvJ4tOP8R2qkWr,https://api.spotify.com/v1/tracks/1isQMKYmpvJ4tOP8R2qkWr,https://api.spotify.com/v1/audio-analysis/1isQMKYmpvJ4tOP8R2qkWr,217680,4,sam
Everywhere - 2017 Remaster,0.73,0.487,4,-10.991,1,0.0303,0.258,0.01,0.0852,0.731,114.965,audio_features,254bXAqt3zP6P50BdQvEsq,spotify:track:254bXAqt3zP6P50BdQvEsq,https://api.spotify.com/v1/tracks/254bXAqt3zP6P50BdQvEsq,https://api.spotify.com/v1/audio-analysis/254bXAqt3zP6P50BdQvEsq,226653,4,sam
Infra-Red,0.568,0.907,5,-4.641,0,0.0488,0.00115,0,0.0982,0.337,112.037,audio_features,6x5deYIe42rgRbStECDjYQ,spotify:track:6x5deYIe42rgRbStECDjYQ,https://api.spotify.com/v1/tracks/6x5deYIe42rgRbStECDjYQ,https://api.spotify.com/v1/audio-analysis/6x5deYIe42rgRbStECDjYQ,230933,4,sam
Black Madonna,0.705,0.728,4,-3.184,0,0.035,0.00122,0.0693,0.0753,0.966,109.991,audio_features,4Y6GIje3GErVRIq1Ff5BJq,spotify:track:4Y6GIje3GErVRIq1Ff5BJq,https://api.spotify.com/v1/tracks/4Y6GIje3GErVRIq1Ff5BJq,https://api.spotify.com/v1/audio-analysis/4Y6GIje3GErVRIq1Ff5BJq,226533,4,sam
Call My Name,0.614,0.72,6,-4.076,0,0.0305,4.33e-4,0,0.148,0.585,104.082,audio_features,1v2EmuslskqaQS0iNfhwMb,spotify:track:1v2EmuslskqaQS0iNfhwMb,https://api.spotify.com/v1/tracks/1v2EmuslskqaQS0iNfhwMb,https://api.spotify.com/v1/audio-analysis/1v2EmuslskqaQS0iNfhwMb,182058,4,sam
